-- phpMyAdmin SQL Dump
-- version 5.2.0
-- https://www.phpmyadmin.net/
--
-- Host: 127.0.0.1
-- Generation Time: Mar 01, 2023 at 10:15 AM
-- Server version: 10.4.27-MariaDB
-- PHP Version: 8.2.0

SET SQL_MODE = "NO_AUTO_VALUE_ON_ZERO";
START TRANSACTION;
SET time_zone = "+00:00";


/*!40101 SET @OLD_CHARACTER_SET_CLIENT=@@CHARACTER_SET_CLIENT */;
/*!40101 SET @OLD_CHARACTER_SET_RESULTS=@@CHARACTER_SET_RESULTS */;
/*!40101 SET @OLD_COLLATION_CONNECTION=@@COLLATION_CONNECTION */;
/*!40101 SET NAMES utf8mb4 */;

--
-- Database: `ssrlaravel`
--

-- --------------------------------------------------------

--
-- Table structure for table `categories`
--

CREATE TABLE `categories` (
  `id` bigint(20) UNSIGNED NOT NULL,
  `name` varchar(255) NOT NULL,
  `created_at` timestamp NULL DEFAULT NULL,
  `updated_at` timestamp NULL DEFAULT NULL
) ENGINE=InnoDB DEFAULT CHARSET=utf8mb4 COLLATE=utf8mb4_unicode_ci;

--
-- Dumping data for table `categories`
--

INSERT INTO `categories` (`id`, `name`, `created_at`, `updated_at`) VALUES
(1, 'Mrs.', '2023-02-15 01:57:27', '2023-02-15 01:57:27'),
(2, 'Miss', '2023-02-15 01:57:27', '2023-02-15 01:57:27'),
(3, 'Dr.', '2023-02-15 01:57:27', '2023-02-15 01:57:27'),
(4, 'Dr.', '2023-02-15 01:57:27', '2023-02-15 01:57:27'),
(5, 'Prof.', '2023-02-15 01:57:27', '2023-02-15 01:57:27');

-- --------------------------------------------------------

--
-- Table structure for table `companies`
--

CREATE TABLE `companies` (
  `id` bigint(20) UNSIGNED NOT NULL,
  `name` varchar(255) NOT NULL,
  `email` varchar(255) NOT NULL,
  `logo` varchar(255) DEFAULT NULL,
  `website` varchar(255) NOT NULL,
  `created_at` timestamp NULL DEFAULT NULL,
  `updated_at` timestamp NULL DEFAULT NULL
) ENGINE=InnoDB DEFAULT CHARSET=utf8mb4 COLLATE=utf8mb4_unicode_ci;

--
-- Dumping data for table `companies`
--

INSERT INTO `companies` (`id`, `name`, `email`, `logo`, `website`, `created_at`, `updated_at`) VALUES
(37, 'test', 'lwinkoko0271@gmail.com', '63ef4a91c9038_63ef4a91c903c.jpg', 'https://laravel.com/docs/8.x/filesystem#file-uploads', '2023-02-17 03:06:17', '2023-02-17 03:06:17'),
(39, 'test', 'testing@gmail.com', '63f2e0f1ae4cf_63f2e0f1ae4d1.jpg', 'https://laravel.com/docs/8.x/filesystem#file-uploads', '2023-02-19 20:24:41', '2023-02-19 20:24:41');

-- --------------------------------------------------------

--
-- Table structure for table `customers`
--

CREATE TABLE `customers` (
  `id` bigint(20) UNSIGNED NOT NULL,
  `name` varchar(255) NOT NULL,
  `email` varchar(255) NOT NULL,
  `phone` varchar(255) NOT NULL,
  `password` varchar(255) NOT NULL,
  `gender` varchar(255) NOT NULL,
  `feature_image` varchar(255) DEFAULT NULL,
  `created_at` timestamp NULL DEFAULT NULL,
  `updated_at` timestamp NULL DEFAULT NULL
) ENGINE=InnoDB DEFAULT CHARSET=utf8mb4 COLLATE=utf8mb4_unicode_ci;

--
-- Dumping data for table `customers`
--

INSERT INTO `customers` (`id`, `name`, `email`, `phone`, `password`, `gender`, `feature_image`, `created_at`, `updated_at`) VALUES
(10, 'test', 'testing@gmail.com', '09694964472', '$2y$10$M3059X4p2AzGV7NdokyTme16PPZGvbgiLsGEhQ9NhCh04UPJMdB2u', 'male', NULL, '2023-02-24 01:49:15', '2023-02-24 01:49:15'),
(11, 'mgmg', 'mgmg@gmail.com', '09673737373', '$2y$10$zToSiqr5zreN7axcTVLVReTvAgRqOYvTSQxZjvklwmeO/9GsKI0cm', 'male', NULL, '2023-02-24 02:38:04', '2023-02-24 02:38:04');

-- --------------------------------------------------------

--
-- Table structure for table `employees`
--

CREATE TABLE `employees` (
  `id` bigint(20) UNSIGNED NOT NULL,
  `fname` varchar(255) NOT NULL,
  `lname` varchar(255) NOT NULL,
  `company_id` bigint(20) UNSIGNED NOT NULL,
  `email` varchar(255) NOT NULL,
  `phone` varchar(255) NOT NULL,
  `created_at` timestamp NULL DEFAULT NULL,
  `updated_at` timestamp NULL DEFAULT NULL
) ENGINE=InnoDB DEFAULT CHARSET=utf8mb4 COLLATE=utf8mb4_unicode_ci;

--
-- Dumping data for table `employees`
--

INSERT INTO `employees` (`id`, `fname`, `lname`, `company_id`, `email`, `phone`, `created_at`, `updated_at`) VALUES
(7, 'Mg', 'Mg', 37, 'mgmg@gmail.com', '09760154749', '2023-02-17 03:08:46', '2023-02-17 03:08:46'),
(8, 'kg', 'kg', 37, 'kgkg@gmail.com', '09794974471', '2023-02-17 03:10:07', '2023-02-17 03:10:07');

-- --------------------------------------------------------

--
-- Table structure for table `failed_jobs`
--

CREATE TABLE `failed_jobs` (
  `id` bigint(20) UNSIGNED NOT NULL,
  `uuid` varchar(255) NOT NULL,
  `connection` text NOT NULL,
  `queue` text NOT NULL,
  `payload` longtext NOT NULL,
  `exception` longtext NOT NULL,
  `failed_at` timestamp NOT NULL DEFAULT current_timestamp()
) ENGINE=InnoDB DEFAULT CHARSET=utf8mb4 COLLATE=utf8mb4_unicode_ci;

-- --------------------------------------------------------

--
-- Table structure for table `features`
--

CREATE TABLE `features` (
  `id` bigint(20) UNSIGNED NOT NULL,
  `name` varchar(255) NOT NULL,
  `feature_image` varchar(255) NOT NULL,
  `created_at` timestamp NULL DEFAULT NULL,
  `updated_at` timestamp NULL DEFAULT NULL
) ENGINE=InnoDB DEFAULT CHARSET=utf8mb4 COLLATE=utf8mb4_unicode_ci;

--
-- Dumping data for table `features`
--

INSERT INTO `features` (`id`, `name`, `feature_image`, `created_at`, `updated_at`) VALUES
(2, 'Beach', '63f88f4ed3ab0_63f88f4ed3ab2.jpg', '2023-02-24 03:49:58', '2023-02-24 03:49:58'),
(3, 'Moon', '63f88f5cf006b_63f88f5cf006d.jpeg', '2023-02-24 03:50:12', '2023-02-24 03:50:12'),
(4, 'Forest', '63f88f7415342_63f88f7415343.jpg', '2023-02-24 03:50:36', '2023-02-24 03:50:36'),
(5, 'Mountain', '63f88f8247bab_63f88f8247bac.jpg', '2023-02-24 03:50:50', '2023-02-24 03:50:50'),
(6, 'Eifel Tower', '63fdbafd2bb35_63fdbafd2bb3a.jpg', '2023-02-28 01:57:41', '2023-02-28 01:57:41'),
(8, 'Old Trafford', '63fdbcbacb0a2_63fdbcbacb0a3.jpg', '2023-02-28 02:05:06', '2023-02-28 02:05:06');

-- --------------------------------------------------------

--
-- Table structure for table `migrations`
--

CREATE TABLE `migrations` (
  `id` int(10) UNSIGNED NOT NULL,
  `migration` varchar(255) NOT NULL,
  `batch` int(11) NOT NULL
) ENGINE=InnoDB DEFAULT CHARSET=utf8mb4 COLLATE=utf8mb4_unicode_ci;

--
-- Dumping data for table `migrations`
--

INSERT INTO `migrations` (`id`, `migration`, `batch`) VALUES
(1, '2014_10_12_000000_create_users_table', 1),
(2, '2014_10_12_100000_create_password_resets_table', 1),
(3, '2019_08_19_000000_create_failed_jobs_table', 1),
(4, '2019_12_14_000001_create_personal_access_tokens_table', 1),
(5, '2023_02_13_040844_create_categories_table', 1),
(6, '2023_02_13_042214_create_posts_table', 1),
(7, '2023_02_13_100113_create_states_table', 1),
(8, '2023_02_15_080433_create_companies_table', 1),
(9, '2023_02_15_082422_create_employees_table', 1),
(11, '2023_02_20_065632_add_other_columns_to_users_table', 2),
(14, '2023_02_24_070330_create_customers_table', 3),
(15, '2023_02_24_091443_create_features_table', 4);

-- --------------------------------------------------------

--
-- Table structure for table `password_resets`
--

CREATE TABLE `password_resets` (
  `email` varchar(255) NOT NULL,
  `token` varchar(255) NOT NULL,
  `created_at` timestamp NULL DEFAULT NULL
) ENGINE=InnoDB DEFAULT CHARSET=utf8mb4 COLLATE=utf8mb4_unicode_ci;

-- --------------------------------------------------------

--
-- Table structure for table `personal_access_tokens`
--

CREATE TABLE `personal_access_tokens` (
  `id` bigint(20) UNSIGNED NOT NULL,
  `tokenable_type` varchar(255) NOT NULL,
  `tokenable_id` bigint(20) UNSIGNED NOT NULL,
  `name` varchar(255) NOT NULL,
  `token` varchar(64) NOT NULL,
  `abilities` text DEFAULT NULL,
  `last_used_at` timestamp NULL DEFAULT NULL,
  `created_at` timestamp NULL DEFAULT NULL,
  `updated_at` timestamp NULL DEFAULT NULL
) ENGINE=InnoDB DEFAULT CHARSET=utf8mb4 COLLATE=utf8mb4_unicode_ci;

-- --------------------------------------------------------

--
-- Table structure for table `posts`
--

CREATE TABLE `posts` (
  `id` bigint(20) UNSIGNED NOT NULL,
  `name` varchar(255) NOT NULL,
  `description` text NOT NULL,
  `category_id` bigint(20) UNSIGNED NOT NULL,
  `created_at` timestamp NULL DEFAULT NULL,
  `updated_at` timestamp NULL DEFAULT NULL
) ENGINE=InnoDB DEFAULT CHARSET=utf8mb4 COLLATE=utf8mb4_unicode_ci;

--
-- Dumping data for table `posts`
--

INSERT INTO `posts` (`id`, `name`, `description`, `category_id`, `created_at`, `updated_at`) VALUES
(1, 'dPrk0zeZjc', 'Odit magnam quidem porro quod et repellat sint. Delectus rem sit vel error cumque ducimus eos consequatur. Fugit odit ullam quos voluptas quidem.', 1, '2023-02-15 01:57:27', '2023-02-15 01:57:27'),
(2, 'xN35zvp1aP', 'At magni deleniti qui aut neque atque rem. Velit amet et est repellat. Ut molestiae aut voluptas labore. Quos et molestiae ad perferendis est ex ipsa corporis.', 3, '2023-02-15 01:57:27', '2023-02-15 01:57:27'),
(3, 'Lm7Dm6PIyu', 'Et aliquid tempore dicta dolorum numquam harum beatae. Ullam recusandae aliquid sint et corrupti qui. Quidem enim officiis esse et ratione consequatur enim quae.', 1, '2023-02-15 01:57:27', '2023-02-15 01:57:27'),
(4, 'MFhMgovVP6', 'Veritatis quibusdam officia nostrum excepturi accusantium. Et voluptas voluptatum magnam. Ipsa ut sapiente in. Vero iste molestias autem ut impedit similique vel eos.', 2, '2023-02-15 01:57:27', '2023-02-15 01:57:27'),
(5, '2nfYb3Obls', 'Culpa neque facilis sequi quisquam labore ratione vel. Et repellendus adipisci vel iure. Ab porro enim magnam eum accusamus voluptas consequuntur. Et facere excepturi maxime laborum modi.', 2, '2023-02-15 01:57:27', '2023-02-15 01:57:27'),
(6, '1v8ODyCHsb', 'Dolor quisquam voluptate labore rem debitis. Dicta eos blanditiis id neque non eveniet aut. Ea temporibus cupiditate maiores itaque dolorem fugiat soluta.', 5, '2023-02-15 01:57:27', '2023-02-15 01:57:27'),
(7, '4KnZp9dT54', 'Ducimus earum nihil suscipit ducimus. Id minima placeat occaecati sunt neque unde iusto. Vel et est ut facilis et id id.', 4, '2023-02-15 01:57:27', '2023-02-15 01:57:27'),
(8, 'p1Zw1aYbNw', 'Aut at eum aut quis. Ipsam voluptatem aut voluptatum sed porro porro dolores. Reprehenderit eveniet at in. Commodi reprehenderit et autem sit dolorum repudiandae.', 4, '2023-02-15 01:57:27', '2023-02-15 01:57:27'),
(9, 'qe3VNqYYwH', 'Quaerat sit a accusamus. Recusandae accusamus doloremque omnis est nostrum excepturi. Voluptas maiores error adipisci quos illum rerum. Explicabo ut earum molestiae eaque facere ab quis odit.', 1, '2023-02-15 01:57:27', '2023-02-15 01:57:27'),
(10, 'IoMETqyPo4', 'Suscipit consequatur dolor omnis autem eveniet aut. Error blanditiis est ratione et qui sit voluptas. Eum est aut qui ipsum minus libero est est.', 2, '2023-02-15 01:57:27', '2023-02-15 01:57:27'),
(11, 'absDvAWjzb', 'Est corporis quisquam voluptatem perferendis molestias voluptatem. Expedita nisi sed rem. Necessitatibus eaque cum ducimus. Illum fuga illum est.', 3, '2023-02-15 01:57:27', '2023-02-15 01:57:27'),
(12, 'ftyVaIWuH8', 'Suscipit error laboriosam perspiciatis sapiente recusandae exercitationem nihil. Eum iusto ut dolorem dolorum. Quam sit laborum autem accusamus voluptates modi porro. Non totam quod sunt ut eum.', 1, '2023-02-15 01:57:27', '2023-02-15 01:57:27'),
(13, '2mI2ETXXrf', 'Qui repellendus reprehenderit doloribus beatae quasi voluptatem. Et explicabo temporibus atque. Occaecati fuga aspernatur voluptas ut amet suscipit quia.', 1, '2023-02-15 01:57:27', '2023-02-15 01:57:27'),
(14, 'ZmxXGkR0Tf', 'Et pariatur et aut sit voluptatem est omnis occaecati. Illum eos amet expedita cum ipsum nemo iure. Blanditiis qui quia consectetur qui libero et itaque et.', 2, '2023-02-15 01:57:27', '2023-02-15 01:57:27'),
(15, '8RuQIzvC4F', 'Aut iste nemo quod laudantium. Quasi quia assumenda est vel ut possimus ullam. Quasi in reprehenderit neque et iusto totam itaque.', 1, '2023-02-15 01:57:27', '2023-02-15 01:57:27'),
(16, 'YLKWmb5vkK', 'Repellendus consequatur expedita quod facere voluptatem. Quam magni unde natus ipsa iusto rerum repellendus. Error occaecati iste ipsam earum. Accusantium enim eum saepe nulla.', 5, '2023-02-15 01:57:27', '2023-02-15 01:57:27'),
(17, '1XAEHL7D1X', 'Porro vel incidunt perspiciatis blanditiis cum aut. Ratione tempore impedit nihil quae sit at. Est possimus facilis voluptatem quis eius. Magnam sint assumenda quo et unde dolore.', 1, '2023-02-15 01:57:27', '2023-02-15 01:57:27'),
(18, 'fWJbICOhjc', 'Itaque voluptate sit exercitationem amet aut mollitia. Magnam repellat similique non dolor. Et et eum totam aut voluptas id. Velit aut expedita deserunt odit.', 1, '2023-02-15 01:57:27', '2023-02-15 01:57:27'),
(19, 'o3IOeK05pl', 'Qui dolor quisquam est omnis est ratione. Minima quia provident est voluptas repudiandae. Illum doloribus officia maxime eos illo dolores.', 2, '2023-02-15 01:57:27', '2023-02-15 01:57:27'),
(20, 'EYalfSlxfh', 'Sit ut dolorem ea voluptate nesciunt deleniti. Ad nulla reprehenderit libero magnam deserunt adipisci quae sit. Voluptas minus doloremque quam doloribus explicabo. Voluptatibus quis incidunt fugiat accusantium nihil dolorum qui.', 4, '2023-02-15 01:57:27', '2023-02-15 01:57:27'),
(21, 'GWsUzHX1R1', 'Repudiandae aliquam dicta sit. Dolores ut possimus eveniet iure qui. Voluptates aut praesentium fugit nobis aut voluptatem.', 5, '2023-02-15 01:57:27', '2023-02-15 01:57:27'),
(22, 'LqjitBmp2T', 'Et vel veniam non accusamus nobis. Quo id esse neque vero praesentium. Eaque iusto enim et velit impedit recusandae.', 1, '2023-02-15 01:57:27', '2023-02-15 01:57:27'),
(23, 'b8vGuLW0Nn', 'Eum dolorem consectetur voluptatum dolorum in qui. Cupiditate fugiat aut repellendus id consequuntur. Delectus quos dolores exercitationem est. Perferendis qui quis sequi facere illo.', 4, '2023-02-15 01:57:27', '2023-02-15 01:57:27'),
(24, 'tyQ80I38Eb', 'Numquam est iure accusantium repellendus omnis aliquid expedita. Vitae vitae ad sint reprehenderit. Aut vitae in unde non voluptatibus.', 4, '2023-02-15 01:57:27', '2023-02-15 01:57:27'),
(25, 'SSruC5xPog', 'Et quibusdam ut distinctio ut eius voluptas. In incidunt qui illum consequatur quibusdam. Delectus exercitationem quaerat corrupti voluptatibus dolor.', 5, '2023-02-15 01:57:27', '2023-02-15 01:57:27'),
(26, '3i1lnZqs2g', 'Et placeat dolor blanditiis consequatur et. Nobis architecto nihil ut ut vel. Facere numquam veritatis vel qui. Natus debitis nostrum magnam quasi minus. Nihil excepturi similique quia praesentium optio consequatur unde dolor.', 1, '2023-02-15 01:57:27', '2023-02-15 01:57:27'),
(27, 'WDgoCzwoGm', 'Est rem excepturi placeat doloremque dignissimos. Officiis consequatur a tempore. Exercitationem sapiente accusantium quia.', 2, '2023-02-15 01:57:27', '2023-02-15 01:57:27'),
(28, '6QyKbANqbF', 'Blanditiis et facere facilis minus eaque cumque. Fuga omnis officiis occaecati quo molestiae consectetur. Sint facere accusantium voluptatem nobis dolores qui.', 4, '2023-02-15 01:57:27', '2023-02-15 01:57:27'),
(29, 'EvYZqYZMjz', 'Ab ad accusamus distinctio autem qui. Non in commodi exercitationem velit. Qui accusamus non illo temporibus magni voluptatem quae non.', 1, '2023-02-15 01:57:27', '2023-02-15 01:57:27'),
(30, 'IAA7SoBo0L', 'Velit sed non voluptas ullam. Veniam in magni recusandae sint quod voluptas necessitatibus perferendis. Ipsam eum natus fugit ipsam deleniti quas quos beatae.', 5, '2023-02-15 01:57:27', '2023-02-15 01:57:27'),
(31, '6LyzSXo76y', 'Non est sit nemo accusamus. Quo nisi dolore enim ab ratione. Reprehenderit sed sint aut consequuntur consequatur at et. Ex aliquid voluptatem molestiae dolores eos quia.', 3, '2023-02-15 01:57:27', '2023-02-15 01:57:27'),
(32, 'dz8A019L7z', 'Eaque consequatur consectetur qui et pariatur. Omnis aperiam quisquam tempora mollitia.', 3, '2023-02-15 01:57:27', '2023-02-15 01:57:27'),
(33, 'nmU6qiGtk7', 'Dolores natus consequuntur voluptatibus tenetur eaque optio quis qui. Quis qui fuga quis blanditiis. Eaque neque beatae minus et.', 4, '2023-02-15 01:57:27', '2023-02-15 01:57:27'),
(34, 'bOQDu0Tpng', 'Et et explicabo blanditiis. Quasi ipsum qui possimus dolores tempore eaque. Et voluptatem ut cumque illum explicabo unde occaecati.', 5, '2023-02-15 01:57:27', '2023-02-15 01:57:27'),
(35, 'xSk9bkFGp0', 'Molestiae aut qui fugit aut sit maiores. Ea odio quasi illo libero. Sunt quia est explicabo inventore.', 2, '2023-02-15 01:57:27', '2023-02-15 01:57:27'),
(36, 'zAxp8zPiFQ', 'Qui sed dolorum quis rerum. Et nihil et laborum alias harum voluptas. Ea deleniti optio explicabo nihil suscipit eos.', 2, '2023-02-15 01:57:27', '2023-02-15 01:57:27'),
(37, 'q1stPjVMBn', 'Aliquid voluptatem unde fuga aut. Tempore ea sapiente perferendis unde qui illo porro. Assumenda ut dolores reiciendis sint sed dolores.', 3, '2023-02-15 01:57:27', '2023-02-15 01:57:27'),
(38, '7mvTdNe7d4', 'Necessitatibus praesentium est sunt commodi ex. Vero cumque est et eligendi est labore quis. Explicabo sunt non maxime repudiandae nesciunt saepe.', 5, '2023-02-15 01:57:27', '2023-02-15 01:57:27'),
(39, '99FCjPd1zD', 'Animi beatae perferendis eos non officiis ab dolores aut. Eos nihil voluptas quos veniam voluptatem. Repellendus vero accusamus aut fuga. Qui saepe aspernatur dolor temporibus et rem.', 5, '2023-02-15 01:57:27', '2023-02-15 01:57:27'),
(40, '78vwitP5qv', 'Aut laboriosam accusantium voluptatem dignissimos. Sit laboriosam perspiciatis at aut sit. Quaerat labore et nostrum inventore. Dolores veniam repellat delectus.', 5, '2023-02-15 01:57:27', '2023-02-15 01:57:27'),
(41, 'YMuD688RFX', 'Et enim et repellendus tempora explicabo quo pariatur et. Cupiditate molestiae nemo ut laboriosam qui tempora. Rerum qui voluptatibus eos temporibus repellat aliquid. Sit commodi saepe rerum doloribus.', 4, '2023-02-15 01:57:27', '2023-02-15 01:57:27'),
(42, 'jp17SJY4OR', 'Natus aspernatur sed sit perspiciatis optio labore et. Et consequatur sapiente voluptas optio vel pariatur. Quia dolor et rerum quis dolore.', 2, '2023-02-15 01:57:27', '2023-02-15 01:57:27'),
(43, '2qjIeZrThJ', 'Quae quis consequatur ducimus aut est ut culpa. Voluptates modi omnis harum nesciunt architecto debitis. Harum consequuntur maxime quod sed id optio dignissimos. Et dolores nemo vel dolor expedita. Omnis a nam ut nesciunt eligendi.', 1, '2023-02-15 01:57:27', '2023-02-15 01:57:27'),
(44, 'TRRPG3G9n7', 'Accusantium est nostrum ab quibusdam. Nihil ab est et laudantium nostrum quia voluptatem. Et facilis earum voluptates commodi. Consequatur aut ex necessitatibus aliquid architecto illum.', 2, '2023-02-15 01:57:27', '2023-02-15 01:57:27'),
(45, 'dh76yBC06B', 'Et porro voluptate tempore rem assumenda fugit. Unde a debitis quod vero voluptate. Laudantium corporis sapiente voluptas quaerat exercitationem eum tenetur et.', 2, '2023-02-15 01:57:27', '2023-02-15 01:57:27'),
(46, 'gNHlR5auLZ', 'Vitae voluptas similique eum ab optio consequuntur. Unde atque omnis dolores quam. Expedita maxime cumque alias quis est in nihil fuga.', 3, '2023-02-15 01:57:27', '2023-02-15 01:57:27'),
(47, 'dDNiCa7J9q', 'Iure qui voluptates voluptatem in eveniet eligendi quos eum. Amet et nam dolor sed. Explicabo pariatur nulla repudiandae nihil. Quasi doloribus quam eius voluptatem et libero culpa.', 2, '2023-02-15 01:57:27', '2023-02-15 01:57:27'),
(48, 'pgzDUae5wq', 'Incidunt hic accusantium harum cumque possimus est sit alias. Exercitationem ipsum et suscipit eum ullam ea at est. Unde commodi natus suscipit magnam inventore consequatur voluptas tempore. Iusto modi dolor sit et dolor.', 5, '2023-02-15 01:57:27', '2023-02-15 01:57:27'),
(49, 'ZgvMztjz1h', 'Est odio iure ut qui nisi sunt. Dolor nulla dolor corporis rerum reprehenderit dolorum. Ipsum labore veniam a enim voluptas.', 5, '2023-02-15 01:57:27', '2023-02-15 01:57:27'),
(50, 'Gh0Cr19oWa', 'Eius ut quidem velit amet quia aut dolores et. Et ratione beatae et hic. Repellat culpa facilis ut quo ipsam. Unde voluptatibus enim sint soluta iste.', 4, '2023-02-15 01:57:27', '2023-02-15 01:57:27'),
(51, '2jfkifrJf5', 'Rem autem aperiam ullam dolor veniam ut est sunt. Ullam delectus ex at dolorum sed accusantium. Beatae quo necessitatibus veniam. In consequuntur dolores quia illum ea quod.', 3, '2023-02-15 01:57:27', '2023-02-15 01:57:27'),
(52, 'Dm1UlFkEbi', 'Accusamus ipsa expedita in minus consequatur praesentium velit voluptas. Vitae similique eligendi sunt est voluptatibus vitae. Est rerum nihil doloremque totam quidem qui minus.', 3, '2023-02-15 01:57:27', '2023-02-15 01:57:27'),
(53, 'mTiGhNzdqq', 'Molestiae beatae soluta voluptas perspiciatis qui amet ipsa. Molestiae nulla ut quidem dicta repellendus aspernatur. Et quasi vel commodi atque animi optio temporibus. Harum quia perspiciatis unde voluptatum natus ullam dolorem.', 5, '2023-02-15 01:57:27', '2023-02-15 01:57:27'),
(54, 'h7MHmklnJ5', 'Praesentium porro sint assumenda numquam odit corporis. Eaque labore nulla autem eos id sapiente esse. Et voluptas iste aut tempore dolores sint aut odit. Magni sit ad enim voluptas. Eos deserunt tempora voluptatem.', 2, '2023-02-15 01:57:27', '2023-02-15 01:57:27'),
(55, 'gBwO8Qb1BK', 'Velit atque ut accusamus alias. Aut possimus unde libero voluptas animi dolor architecto. Sequi aperiam et quia vitae est. Repudiandae ipsum aut voluptas hic voluptatibus quod nihil.', 4, '2023-02-15 01:57:27', '2023-02-15 01:57:27'),
(56, 'w8UR17cVgY', 'Magni praesentium qui quidem reiciendis minus libero velit. Perspiciatis consequuntur qui ea. Iusto iste impedit facilis quam nihil sit. Assumenda expedita voluptates et quo repellendus.', 3, '2023-02-15 01:57:27', '2023-02-15 01:57:27'),
(57, 'yOI0NJcZoI', 'Quia et optio fugit pariatur veritatis. Dolore ipsum architecto consequuntur deserunt.', 1, '2023-02-15 01:57:27', '2023-02-15 01:57:27'),
(58, '5chB6aYu9C', 'Ut maxime quia enim reprehenderit natus. Ea in vitae eos dolorem. Architecto sit quasi necessitatibus voluptatem. Vel facilis enim nemo aspernatur hic. Qui tempora est est et.', 4, '2023-02-15 01:57:27', '2023-02-15 01:57:27'),
(59, 'lJuHSJGEOg', 'Quia exercitationem qui blanditiis commodi. Id vel ullam atque rerum sunt est. Qui praesentium voluptate non id necessitatibus. Ab qui possimus dolor fugiat quibusdam nostrum amet non.', 3, '2023-02-15 01:57:27', '2023-02-15 01:57:27'),
(60, 'LKu3CGaFWy', 'Eaque sed est aut temporibus. Quis culpa voluptatem voluptas ut quas aut. Eius aut voluptatibus in earum maiores. Nihil assumenda amet ex eum.', 5, '2023-02-15 01:57:27', '2023-02-15 01:57:27'),
(61, 'Uj1ynrCJt9', 'Quo eius illum dolore. Unde ut incidunt deserunt. Aspernatur consequatur itaque quidem. Omnis animi est veritatis eligendi officia aut est. Qui suscipit soluta aut nesciunt.', 1, '2023-02-15 01:57:27', '2023-02-15 01:57:27'),
(62, 'cdg8MGmJpQ', 'At autem quae soluta aspernatur. Molestiae consequatur quo aut aut et dicta labore. Tempora natus repudiandae sed ut occaecati culpa.', 2, '2023-02-15 01:57:27', '2023-02-15 01:57:27'),
(63, 'umHbtOeVAH', 'Voluptates officiis eveniet qui maiores iure. Neque praesentium est explicabo cumque. Excepturi consequuntur vel molestiae ut rem in.', 5, '2023-02-15 01:57:27', '2023-02-15 01:57:27'),
(64, 'yJOIxtV33o', 'Delectus quidem qui qui nisi et provident explicabo. Delectus voluptatem ut sed exercitationem. Velit dolor ut fuga iusto quibusdam cupiditate.', 5, '2023-02-15 01:57:27', '2023-02-15 01:57:27'),
(65, 'vqIdHW44Ep', 'Enim possimus corrupti officiis. Aut et dolor sed inventore et et. Iure sit dolores accusamus quas ut. Aut laborum aut pariatur et et.', 4, '2023-02-15 01:57:27', '2023-02-15 01:57:27'),
(66, 'VjuoG8H2ao', 'Amet tempore aliquam nihil quia. Nemo quam facilis distinctio quis consequatur dolores. Sed repudiandae maxime exercitationem explicabo ea. Rerum facere magni incidunt enim nobis.', 4, '2023-02-15 01:57:27', '2023-02-15 01:57:27'),
(67, 'c93gWHTHDP', 'Non eveniet ad rerum hic incidunt. At nobis dolore beatae voluptatem quae minus. Odit magnam et dolorum vel.', 3, '2023-02-15 01:57:27', '2023-02-15 01:57:27'),
(68, 'D2lTp1aOLW', 'Sed eum quisquam alias et sit debitis. Molestiae odio sit nostrum quibusdam fuga eaque et.', 5, '2023-02-15 01:57:27', '2023-02-15 01:57:27'),
(69, '7Qg9LzBADY', 'Exercitationem id velit sunt. Quia iusto id nisi officia. Quia aut repellendus aut et dolorem facilis. Omnis quos fuga voluptatem nesciunt.', 1, '2023-02-15 01:57:27', '2023-02-15 01:57:27'),
(70, 'Xl6h2YJJMc', 'Dolores sequi et et incidunt iusto sunt est. Eum non molestiae corporis.', 1, '2023-02-15 01:57:27', '2023-02-15 01:57:27'),
(71, '7FxvfNUxza', 'Repellat molestiae ut modi. Tempore ullam minima quasi voluptas harum qui impedit. Ipsa quod animi vel at.', 4, '2023-02-15 01:57:27', '2023-02-15 01:57:27'),
(72, 'pglzxE7nyI', 'Illo eos ut itaque est. Et reiciendis harum quo reiciendis. Quo molestias nihil alias temporibus voluptatem voluptas natus. Dolore vero labore consectetur nam.', 3, '2023-02-15 01:57:27', '2023-02-15 01:57:27'),
(73, 'SJlNU1BAh6', 'Dolore sequi iure nam iste aperiam eius porro. Hic tempora voluptas iure. Voluptate id ducimus non magni voluptate. Earum repudiandae rerum enim et.', 1, '2023-02-15 01:57:27', '2023-02-15 01:57:27'),
(74, '9qbt6p11h4', 'Nihil minus itaque facilis quo commodi perspiciatis rerum. Illo quia nihil recusandae placeat sed. Totam doloremque exercitationem blanditiis dolor recusandae.', 5, '2023-02-15 01:57:27', '2023-02-15 01:57:27'),
(75, 'gJQtUdCXoO', 'Dolore ab ut dolores nihil aut aut consequuntur. Quos vero voluptatem adipisci placeat molestiae quia neque. Corrupti veniam eos ad architecto nobis. Aspernatur et nihil sint possimus omnis.', 3, '2023-02-15 01:57:27', '2023-02-15 01:57:27'),
(76, 'uxqBzgjsl2', 'Quis tempora deserunt id dolor non. Voluptatum quibusdam optio blanditiis ab quia natus recusandae. Et voluptatem aut quidem deserunt. Quis est veniam mollitia fugiat odio qui. Sit sapiente eaque ut omnis rerum quas deleniti.', 5, '2023-02-15 01:57:27', '2023-02-15 01:57:27'),
(77, 'gESlG2HKeE', 'Nam ratione voluptatum ut soluta. Possimus occaecati facere quia perferendis dolores. Quo est perferendis earum fugit vel ut nam. Fuga nihil explicabo tempore dolor iste velit.', 2, '2023-02-15 01:57:27', '2023-02-15 01:57:27'),
(78, 'iVBlQ164Df', 'Dolore tenetur et dicta voluptatem corrupti debitis et velit. Culpa nulla voluptatem nulla exercitationem similique ipsum porro rerum. Laborum minima ipsa iusto recusandae quas non facilis.', 1, '2023-02-15 01:57:27', '2023-02-15 01:57:27'),
(79, 'xqgnV43smb', 'Ut assumenda eligendi expedita ut ipsum. Est cupiditate non corporis eveniet consequatur veritatis impedit. Nihil libero rerum earum enim voluptatem tempore.', 2, '2023-02-15 01:57:27', '2023-02-15 01:57:27'),
(80, 'tOYNql0PP8', 'Repellat qui in impedit et rem exercitationem. Vel sed dolorum commodi harum quo quaerat magni.', 5, '2023-02-15 01:57:27', '2023-02-15 01:57:27'),
(81, 'hK1WRsVBPl', 'Qui dicta reiciendis suscipit tempore. Omnis consequatur voluptatem cumque illo numquam culpa. Et sit nihil quis porro quia. Neque explicabo adipisci dolorum id alias deserunt eos sed.', 2, '2023-02-15 01:57:27', '2023-02-15 01:57:27'),
(82, 'FZLcXqFf3v', 'Est placeat eaque sed aspernatur minus. Qui quisquam amet voluptatem assumenda soluta reprehenderit. Sed amet adipisci incidunt.', 2, '2023-02-15 01:57:27', '2023-02-15 01:57:27'),
(83, 'XBO012I2xp', 'Omnis reprehenderit possimus libero. Voluptates officia temporibus ex. Inventore veniam aut earum alias.', 2, '2023-02-15 01:57:27', '2023-02-15 01:57:27'),
(84, 'uSjGXmdvij', 'Non quam error officia debitis ut. Aliquid debitis rem quisquam nihil accusamus inventore eveniet quibusdam. Sit rerum et et saepe.', 1, '2023-02-15 01:57:27', '2023-02-15 01:57:27'),
(85, 'PyeSvYx54w', 'Vero a placeat quia dolorem eveniet. Provident voluptas veniam ut quidem. Facere odio veniam ut qui tenetur ea nostrum nulla. Iure aspernatur et dolore et impedit aut quod.', 1, '2023-02-15 01:57:27', '2023-02-15 01:57:27'),
(86, 'gj9Zhn1C88', 'Tempore illo aspernatur sit in qui sit et. Non itaque aut eius repellendus doloremque. Quaerat consectetur architecto alias non. Qui velit dolores ipsam.', 4, '2023-02-15 01:57:27', '2023-02-15 01:57:27'),
(87, 'tnIrNOmhbG', 'Incidunt quae id voluptas voluptatem dolor. Sed nostrum nam omnis ea. Nisi reiciendis velit temporibus non officia rerum quo.', 4, '2023-02-15 01:57:27', '2023-02-15 01:57:27'),
(88, 'j4Np4DQa2p', 'Repellat exercitationem qui est aut expedita illum. Corrupti aliquam aspernatur debitis accusantium aut et placeat. Quia quisquam ut consequatur perferendis possimus aut.', 1, '2023-02-15 01:57:27', '2023-02-15 01:57:27'),
(89, '9iFndfA3uk', 'A necessitatibus necessitatibus accusamus eligendi repellat. Eius ipsum eum nihil. Occaecati beatae magnam et. In qui quasi expedita non.', 1, '2023-02-15 01:57:27', '2023-02-15 01:57:27'),
(90, '9yFSbrhb74', 'Dolores sunt sunt veritatis et voluptas sint. Dolorem atque aut magni sequi est numquam omnis. Animi provident doloribus error sunt est et. Corrupti quas dignissimos eius et est. Quia reprehenderit nihil quae at aut expedita.', 5, '2023-02-15 01:57:27', '2023-02-15 01:57:27'),
(91, 'SeDOcBhf6z', 'At consequatur rerum consequuntur velit. Dolores dolorem libero ratione expedita libero. Animi voluptas laboriosam sunt fugit. Qui similique beatae dolorum aspernatur ea recusandae.', 3, '2023-02-15 01:57:27', '2023-02-15 01:57:27'),
(92, '10QUgcoVBu', 'Eos placeat quaerat repudiandae totam est. Quasi qui est eos iure dignissimos.', 5, '2023-02-15 01:57:27', '2023-02-15 01:57:27'),
(93, '7Pj605wSvk', 'Voluptatem eum esse ratione nisi omnis eveniet vero. Aut optio minus voluptas exercitationem et. Nesciunt facilis aut nemo dolorem similique voluptatem.', 5, '2023-02-15 01:57:27', '2023-02-15 01:57:27'),
(94, 'vGafMsqJlE', 'Ea incidunt voluptatem quaerat iste quaerat. In porro in voluptatum iste nesciunt omnis autem. Quibusdam ipsa qui est animi nihil.', 1, '2023-02-15 01:57:27', '2023-02-15 01:57:27'),
(95, 'Z1ABNOj1cs', 'Rerum aut dolorum nihil. Ea illo adipisci facere necessitatibus. Et optio omnis voluptates numquam. Incidunt unde eum ex quia similique.', 4, '2023-02-15 01:57:27', '2023-02-15 01:57:27'),
(96, '0NMpUQSxpJ', 'Culpa cum ut reiciendis laudantium. Earum quaerat dolorem perferendis eum suscipit. Molestias fuga autem nesciunt tenetur consequatur. Enim minus inventore eligendi ut mollitia. Dicta magni quaerat occaecati possimus harum fugit qui.', 3, '2023-02-15 01:57:27', '2023-02-15 01:57:27'),
(97, 'evcJ7O2T0n', 'Odio vel debitis eaque at libero architecto ab. Vero suscipit neque maiores voluptatum quo ut sint. Et voluptas quis ullam quia delectus dolorem. Voluptatem sed placeat in.', 1, '2023-02-15 01:57:27', '2023-02-15 01:57:27'),
(98, 'rjVfqrZbVZ', 'Praesentium assumenda voluptates repellat. Voluptatibus quod quod libero cumque. Iure vitae velit neque.', 3, '2023-02-15 01:57:27', '2023-02-15 01:57:27'),
(99, 'S2HejGfWJn', 'Voluptas officiis reiciendis veniam reiciendis vero. Eveniet quia commodi voluptatem veritatis. Dolore aut provident alias porro sit perspiciatis.', 2, '2023-02-15 01:57:27', '2023-02-15 01:57:27'),
(100, '2LBm3XlXYx', 'Voluptatem et provident dolorem porro dolor ea. Voluptates explicabo rerum nihil possimus qui. Praesentium qui occaecati nihil quia magni qui.', 3, '2023-02-15 01:57:27', '2023-02-15 01:57:27'),
(101, 'M1wYt58QeW', 'Veritatis voluptatem voluptatem dolorem et unde. Sed temporibus qui labore praesentium quas. Ea quis reiciendis a id aperiam.', 3, '2023-02-15 01:57:27', '2023-02-15 01:57:27'),
(102, 'Cnc70sIYIX', 'Iure ratione quis dolorem. Culpa autem vitae qui possimus et delectus tempora. Sint ut dolores mollitia ut atque maxime sit.', 2, '2023-02-15 01:57:27', '2023-02-15 01:57:27'),
(103, 'zog3NFtqxD', 'Est voluptas aut qui voluptatem. Iure itaque quam magni beatae facilis omnis omnis. Maxime cupiditate enim placeat.', 4, '2023-02-15 01:57:27', '2023-02-15 01:57:27'),
(104, 'Svtj3SqtbA', 'Consequatur facere est maiores in labore omnis. Beatae aut reiciendis voluptas ut qui eius. Fugiat consequatur dignissimos doloribus quam sit sit vel.', 3, '2023-02-15 01:57:27', '2023-02-15 01:57:27'),
(105, 'ucYF9g3FIX', 'Consequuntur mollitia et sit temporibus consequuntur. Harum blanditiis neque est ducimus dolorem labore quas.', 2, '2023-02-15 01:57:27', '2023-02-15 01:57:27'),
(106, 'dxB5UeFDi9', 'Sunt est animi doloribus cum. Possimus quod consequatur sequi repellat. Eum ex vel expedita enim debitis.', 3, '2023-02-15 01:57:27', '2023-02-15 01:57:27'),
(107, 'apKzZ3s4gX', 'A vel et earum totam. Quis ratione sed ipsam laborum sunt id itaque. Voluptate voluptatem est dolore nisi ipsam omnis quam. Iusto temporibus et a fugit vel ratione.', 5, '2023-02-15 01:57:27', '2023-02-15 01:57:27'),
(108, 'yFPCzdLCUJ', 'Omnis adipisci odio voluptates dolores quaerat in. Sed debitis ut voluptates ipsa quam impedit. Libero ratione ducimus et atque corrupti. Necessitatibus ut itaque vero.', 5, '2023-02-15 01:57:27', '2023-02-15 01:57:27'),
(109, 'saK5QxKZEv', 'Distinctio est et adipisci voluptatibus veniam dolores consequatur. Rem fuga officia sint hic repellendus culpa. Optio cumque eum amet sit. Expedita ut esse provident ab rerum veniam veritatis. Et qui nam sed odio consequatur maiores totam.', 2, '2023-02-15 01:57:27', '2023-02-15 01:57:27'),
(110, '0EJYhJ6ceM', 'Pariatur cumque possimus recusandae amet eligendi laboriosam. Tempora aut beatae ea velit velit et. Vitae eaque quod et similique voluptas ducimus. Laboriosam tenetur et cum debitis voluptatibus. Dignissimos voluptate debitis ad.', 1, '2023-02-15 01:57:27', '2023-02-15 01:57:27'),
(111, 'It3JaRPFwW', 'Dolores et error quo et. Impedit consequatur repudiandae doloribus voluptate asperiores deserunt ipsam. Tempora excepturi nihil voluptatum sint dolore quo.', 5, '2023-02-15 01:57:27', '2023-02-15 01:57:27'),
(112, 'GJk1Dg005K', 'Nostrum id ipsa maiores neque dignissimos iusto. Qui atque quia quo sapiente.', 3, '2023-02-15 01:57:27', '2023-02-15 01:57:27'),
(113, 'UpYiJWGoPq', 'Veritatis culpa modi perferendis molestias aut sed. Recusandae repudiandae quia quisquam quisquam velit. Magni ut exercitationem dolores corrupti aut. Molestiae odit velit exercitationem eaque perferendis illo.', 3, '2023-02-15 01:57:27', '2023-02-15 01:57:27'),
(114, '5XsH5R0hMF', 'Sed harum ab commodi minus beatae. Inventore eius molestias quaerat.', 5, '2023-02-15 01:57:27', '2023-02-15 01:57:27'),
(115, 'CKxwxMNLvO', 'Maxime beatae non ullam eos. Dignissimos reiciendis nihil commodi laudantium quam ea natus. Fugiat natus libero ut voluptatum placeat adipisci. Id dolorum ad ex recusandae ab dicta itaque.', 3, '2023-02-15 01:57:27', '2023-02-15 01:57:27'),
(116, '2vubZQXNi8', 'Suscipit dolor magni ut suscipit. Aut architecto quisquam ipsum deserunt. Rem placeat qui aliquid corporis at. Aliquam reprehenderit natus molestiae.', 1, '2023-02-15 01:57:27', '2023-02-15 01:57:27'),
(117, 'qOkebHaSNS', 'Ut assumenda dignissimos nemo minus et illo exercitationem. Itaque adipisci qui tempore ipsa. Sapiente sed accusamus libero nulla molestias voluptates eum minima.', 5, '2023-02-15 01:57:27', '2023-02-15 01:57:27'),
(118, 'qVkzPSqsHG', 'Et quos perspiciatis non omnis qui voluptatem. Rerum consequatur aut dolor vitae. Architecto excepturi temporibus non omnis. Ipsam aliquid inventore quasi aut est. Quod laboriosam esse voluptate.', 2, '2023-02-15 01:57:27', '2023-02-15 01:57:27'),
(119, 'ceoRryDGSz', 'Corporis architecto fuga animi voluptatum veniam. Dolores vitae vel officiis reprehenderit qui veniam. Dicta officiis libero quis et placeat consectetur quaerat. Rerum quibusdam odit provident aut ullam voluptate deleniti.', 5, '2023-02-15 01:57:27', '2023-02-15 01:57:27'),
(120, 'Ze5wDNpDOM', 'Ut velit sit iste velit. Commodi alias qui eveniet enim aperiam sed repellat. Tempora animi aliquam alias esse enim. Doloremque veniam dolores provident iste cum. Eum in repellat et sunt.', 4, '2023-02-15 01:57:27', '2023-02-15 01:57:27'),
(121, 'Pu4RU37qaq', 'Non consequuntur autem libero non ut vel. Ad totam reiciendis enim doloremque iusto nostrum. Nihil unde laboriosam magnam voluptates. Corrupti quis quaerat fugiat voluptatem.', 4, '2023-02-15 01:57:27', '2023-02-15 01:57:27'),
(122, 'tkrElIdAEZ', 'Et velit est aut corporis earum. Facilis ab et voluptatibus a. Inventore ipsum voluptatem omnis cumque esse harum exercitationem. Officia voluptas blanditiis rerum rerum nobis.', 4, '2023-02-15 01:57:27', '2023-02-15 01:57:27'),
(123, '4hklLFxGio', 'Quae eum quis consequatur quisquam repellendus non vel adipisci. Perferendis et porro omnis asperiores.', 1, '2023-02-15 01:57:27', '2023-02-15 01:57:27'),
(124, 'OhVpfvLtUF', 'Id voluptatem sunt et molestiae ut. Dolor perspiciatis rerum expedita rerum voluptatum aliquid rem. Nostrum omnis aut velit animi voluptates dolore recusandae. Qui nesciunt iure sit nesciunt.', 4, '2023-02-15 01:57:27', '2023-02-15 01:57:27'),
(125, 'QDdWDcEcWj', 'Perferendis ut eos aut incidunt ut. Voluptas facilis occaecati itaque molestiae autem corrupti. Illum et est ut id. Asperiores illum ut ut laboriosam porro quas.', 4, '2023-02-15 01:57:27', '2023-02-15 01:57:27'),
(126, 'lPc0KDQQGs', 'Dolorem sint repudiandae exercitationem nulla possimus iste. Eum modi culpa unde facere minus qui quos. Qui quae voluptatibus architecto libero sed.', 2, '2023-02-15 01:57:27', '2023-02-15 01:57:27'),
(127, 'GGV6sAF3mI', 'Distinctio deleniti dolor dolorem vel velit. Accusamus dolores error ducimus iusto repudiandae fuga aut. Optio similique eum in excepturi eum. Itaque tenetur exercitationem eum saepe tempore aut.', 1, '2023-02-15 01:57:27', '2023-02-15 01:57:27'),
(128, 'fdAkXcaWsB', 'Labore minima est inventore. Quia odio repudiandae voluptas quam beatae qui. Dolorem molestias voluptatem molestiae unde odio accusantium labore.', 5, '2023-02-15 01:57:27', '2023-02-15 01:57:27'),
(129, 'zAa99LnJbx', 'Culpa esse nemo id tempore. Non consequatur hic non nemo. Dignissimos dicta sint saepe veniam velit laudantium.', 3, '2023-02-15 01:57:27', '2023-02-15 01:57:27'),
(130, 'LxasnXB2qe', 'Fugiat quo corrupti quos fuga sed magni. Nam sunt perferendis dolore numquam aut.', 4, '2023-02-15 01:57:27', '2023-02-15 01:57:27'),
(131, 'DcqVgYGQvx', 'Quasi sint corporis pariatur rem quasi molestias. Et aspernatur dolores expedita vel ab error ab. Rerum blanditiis commodi adipisci sunt sunt ut.', 5, '2023-02-15 01:57:27', '2023-02-15 01:57:27'),
(132, '2Hu6xwV1aB', 'Voluptates voluptatibus dolores aut odit et est nihil id. Ut quia in et suscipit qui repellendus ut dolorem. Eos ut quod cum iste omnis consectetur ipsum.', 5, '2023-02-15 01:57:27', '2023-02-15 01:57:27'),
(133, 'fuP2CW05fd', 'Aut occaecati modi mollitia velit. Qui est animi sit ipsam in repellendus. Sed repellat vel voluptatem quis ut facere consequatur.', 1, '2023-02-15 01:57:27', '2023-02-15 01:57:27'),
(134, 'clC4iHRoce', 'Ea minus quia aspernatur iusto dolorem et alias. Aut aut recusandae vero eaque qui at adipisci sint. Qui ratione iste ipsa voluptates ut et est natus. Quam adipisci suscipit aliquam quod dolores et. Vel deserunt dolorem quia rem quae vel voluptatem.', 1, '2023-02-15 01:57:27', '2023-02-15 01:57:27'),
(135, 'Y9uR18KQ76', 'Enim nobis sunt excepturi vel qui dolore. Velit veritatis aut et veniam libero adipisci.', 5, '2023-02-15 01:57:27', '2023-02-15 01:57:27'),
(136, 'pmlzT6VJo8', 'Omnis aut et debitis unde blanditiis voluptatem sit. Repellat odio cumque error rem. Ut inventore nobis est alias reiciendis officiis eius. Libero assumenda eveniet a dolor.', 2, '2023-02-15 01:57:27', '2023-02-15 01:57:27'),
(137, 'DcSJrRfxVg', 'Ut velit aut ipsa rem. Nihil odio aspernatur eum quidem voluptatum quibusdam et. Quaerat aperiam sed asperiores eum et iste.', 3, '2023-02-15 01:57:27', '2023-02-15 01:57:27'),
(138, 'fojLhk5zKI', 'A dolore temporibus nobis aliquam omnis sunt. Harum qui eveniet esse at doloremque. Et quia voluptas nemo.', 1, '2023-02-15 01:57:27', '2023-02-15 01:57:27'),
(139, 'CzJRDUPxjA', 'Non aut enim corrupti delectus excepturi in et. Alias at dolore iste omnis dolorem dicta autem. Et culpa ea et. Aut perspiciatis nisi voluptates repudiandae.', 5, '2023-02-15 01:57:27', '2023-02-15 01:57:27'),
(140, 'NbvvBPVIqs', 'Libero nemo omnis inventore debitis modi eum. Asperiores et ut iure maxime sunt et. Cum iure magnam rerum voluptatem nostrum quibusdam ad error. Doloremque ipsam quis autem in vitae.', 4, '2023-02-15 01:57:27', '2023-02-15 01:57:27'),
(141, '56oRLBNMpP', 'Totam voluptatem eveniet quisquam sint sequi deleniti. Laudantium ipsum doloremque voluptas ut deleniti. Reprehenderit eaque culpa facilis numquam deserunt ut odit.', 5, '2023-02-15 01:57:27', '2023-02-15 01:57:27'),
(142, 'blV9RYBeDM', 'Voluptas praesentium commodi aut non. Quia natus commodi omnis vero suscipit at aut. Ad rerum at accusantium. Nihil aspernatur ipsam mollitia cum. Accusantium quia esse consequatur aut.', 3, '2023-02-15 01:57:27', '2023-02-15 01:57:27'),
(143, 'NtIZXBITb4', 'Perferendis aut esse sunt omnis. Maxime beatae rerum dolor ut. Qui sit dicta sequi quisquam modi nulla.', 4, '2023-02-15 01:57:27', '2023-02-15 01:57:27'),
(144, 'UZXkgVFDK3', 'Consequuntur voluptas iste vero maiores ut quia. Molestiae nemo omnis animi sed velit. Ut animi minus maxime velit autem qui a. Nisi cumque neque rerum ratione magnam.', 5, '2023-02-15 01:57:27', '2023-02-15 01:57:27'),
(145, 'TMOUQHCq1E', 'Eveniet optio qui eligendi fuga facilis qui repudiandae. Facilis eum non odio. Quasi quo doloribus et nulla et corporis.', 2, '2023-02-15 01:57:27', '2023-02-15 01:57:27'),
(146, 'JoL03M3LPd', 'Adipisci reprehenderit laborum ut et neque omnis. Debitis omnis consequatur autem culpa minima repellendus aut est. In sit sint laudantium voluptas officiis incidunt.', 4, '2023-02-15 01:57:27', '2023-02-15 01:57:27'),
(147, 'r5S1CUbsuI', 'Ipsum nulla odio numquam dolor. Laboriosam vitae sint eveniet aspernatur. Facere aut eos quo quisquam. Vel quos fuga rerum ea facere.', 5, '2023-02-15 01:57:27', '2023-02-15 01:57:27'),
(148, 'EiQTIVoqyL', 'Illum rerum expedita dolores aliquam optio. Adipisci eaque facilis officiis saepe. Veniam quis iusto est autem maiores doloribus. Quam eaque laborum suscipit sit natus id suscipit.', 5, '2023-02-15 01:57:27', '2023-02-15 01:57:27'),
(149, 'jeSwdlO9vP', 'Animi id perspiciatis tenetur autem cupiditate quaerat. Quis nihil et aut dolor. Nihil atque ad odio qui cupiditate temporibus. Ut consequatur cum exercitationem quaerat totam quia vel.', 1, '2023-02-15 01:57:27', '2023-02-15 01:57:27'),
(150, 'Iap4CSkmyo', 'Ad asperiores autem qui. A vitae reprehenderit reprehenderit autem facere laborum. Velit labore cupiditate aut qui nobis. Officiis culpa in at.', 4, '2023-02-15 01:57:27', '2023-02-15 01:57:27'),
(151, '7IaJw5ZrAi', 'Delectus asperiores tempora autem eius eligendi repellat. Sit dolor dolores sit et consequatur tenetur et. Sapiente eligendi odit sed dolores autem. Fugit fugiat quibusdam numquam veniam aut odit hic.', 5, '2023-02-15 01:57:27', '2023-02-15 01:57:27'),
(152, 'JJIsG9QMek', 'Dolores dolor eveniet optio consectetur et enim. Iusto nobis voluptas ut quo expedita. Et aut maiores debitis quod. Ut aut enim non nihil nulla facilis veniam voluptates.', 4, '2023-02-15 01:57:27', '2023-02-15 01:57:27'),
(153, '9nVIeOeGKA', 'Blanditiis quia ut alias voluptate. Eos porro blanditiis quo ipsa. Nostrum beatae nobis quis. Qui iste adipisci et impedit delectus.', 2, '2023-02-15 01:57:27', '2023-02-15 01:57:27'),
(154, 'I6eeAMpEFB', 'Beatae ex alias id distinctio dolore repudiandae. Culpa odit ratione quia dignissimos.', 5, '2023-02-15 01:57:27', '2023-02-15 01:57:27'),
(155, '4AFAkEsWbu', 'Hic quia accusamus et qui. Perspiciatis qui dicta molestias veniam facilis. In tempore enim nihil dignissimos enim tenetur doloribus. Dignissimos aliquam sunt quia ut rerum iure autem natus.', 1, '2023-02-15 01:57:27', '2023-02-15 01:57:27'),
(156, 'X4uGBUJmym', 'Aut est et et impedit est enim laboriosam qui. Error amet vel ducimus voluptas veritatis pariatur dignissimos. Aut sunt corrupti nisi ullam iure debitis laboriosam.', 2, '2023-02-15 01:57:27', '2023-02-15 01:57:27'),
(157, 'vkzHnWenrm', 'Ducimus sint eveniet rerum ex et sunt in. Est iure et voluptatibus odit. Rerum eos odit odio assumenda et. Dolores non molestias doloribus atque autem vel dolor.', 4, '2023-02-15 01:57:27', '2023-02-15 01:57:27'),
(158, '5IHRCzeXTh', 'Ea ut maiores voluptas voluptate. Et et iure ut autem qui numquam saepe. Perspiciatis natus aut et nesciunt necessitatibus nulla esse. Ab ducimus officiis minima veniam distinctio beatae qui ipsam. Omnis saepe quisquam sequi.', 1, '2023-02-15 01:57:27', '2023-02-15 01:57:27'),
(159, 'xJw7kj40IX', 'Explicabo nam ipsam laboriosam dolores commodi vel. Eum rerum voluptatem adipisci. Velit non quia voluptatibus quo non molestias molestiae. Et et eligendi aspernatur ullam dicta non ex.', 1, '2023-02-15 01:57:27', '2023-02-15 01:57:27'),
(160, 'qC5IVBvUxX', 'Corrupti totam laborum nemo illo voluptas adipisci. Et quas ut placeat. Facilis id ratione quo sit vitae. Exercitationem qui dicta officiis maxime voluptatem.', 3, '2023-02-15 01:57:27', '2023-02-15 01:57:27'),
(161, 'vXyau15zPt', 'Illum alias excepturi enim. Occaecati sit aut ut aut dolores dolore. Excepturi dolores voluptates doloribus aut in ad dicta. Doloribus ut in quis molestias excepturi possimus modi.', 1, '2023-02-15 01:57:27', '2023-02-15 01:57:27'),
(162, 'BtVFQD5d9a', 'Deleniti similique ad ut eum commodi. Officiis quod esse corporis eius minima vel. Fugit et non nisi corporis minima laudantium magnam. Tempore et officiis blanditiis et doloremque architecto laudantium.', 5, '2023-02-15 01:57:27', '2023-02-15 01:57:27'),
(163, '682wZ92v90', 'Aut dicta aut ab nihil ipsa. Est commodi praesentium deserunt cupiditate. Ullam aperiam nam iusto ab et totam molestiae occaecati. Explicabo aperiam qui a magnam aut sint nemo.', 4, '2023-02-15 01:57:27', '2023-02-15 01:57:27'),
(164, 'qA6XTFqyWu', 'Explicabo adipisci et dolor molestias blanditiis sequi. Accusamus fuga ullam aut enim error. Quia temporibus consequatur voluptas qui rerum.', 2, '2023-02-15 01:57:27', '2023-02-15 01:57:27'),
(165, '3jbjg9EVzs', 'Asperiores libero et voluptatem odio laudantium est est. Voluptatibus ullam fugit fugiat numquam quas. Nulla nisi accusantium beatae sunt commodi velit. Molestiae commodi in temporibus ut omnis et.', 2, '2023-02-15 01:57:27', '2023-02-15 01:57:27'),
(166, 'f8KePl6f4e', 'Corrupti sit voluptas velit iusto tenetur. Harum officiis praesentium est quia non non. Voluptas et aut voluptatem voluptatem facere mollitia. Omnis enim est explicabo eaque animi qui sed.', 4, '2023-02-15 01:57:27', '2023-02-15 01:57:27'),
(167, '7750p3MzN9', 'Repudiandae recusandae quo sed ullam quia. Optio quaerat libero molestiae dolores voluptatibus veniam. Inventore et et impedit repellat et sint. Est rerum omnis at odio nobis sed consequatur ut.', 2, '2023-02-15 01:57:27', '2023-02-15 01:57:27'),
(168, 'rHBRsoou1U', 'Vel voluptatem eos ut sed consequatur. Quis velit iure repellat est suscipit. Voluptas unde nisi exercitationem voluptates aut.', 3, '2023-02-15 01:57:27', '2023-02-15 01:57:27'),
(169, 'ilNb0tqgtl', 'Voluptatem ad ut neque ab aspernatur velit nobis. Odio repudiandae non delectus. Molestiae dolore veniam nihil in quisquam. Voluptate minima ipsa corporis consectetur.', 5, '2023-02-15 01:57:27', '2023-02-15 01:57:27'),
(170, 'WPpe9h4ei9', 'Error alias ut tempora voluptatum at architecto asperiores repudiandae. Magni accusamus et dolor neque totam dicta facere. Vero pariatur voluptatum blanditiis omnis ex et. Molestias dolorum sequi et qui et dolorem.', 5, '2023-02-15 01:57:27', '2023-02-15 01:57:27'),
(171, 'A6OhVwP6oV', 'Ut sed molestiae incidunt. Voluptatem voluptates commodi optio aut vitae cum amet. Et tenetur cum et aut qui.', 1, '2023-02-15 01:57:27', '2023-02-15 01:57:27'),
(172, 'di9xdNuEDo', 'Officia error error alias iure voluptas. Aliquid accusantium omnis rem sapiente. Aut blanditiis deleniti modi odio hic inventore odio reprehenderit. Aut tempora quia assumenda ipsa facilis unde sed voluptate.', 3, '2023-02-15 01:57:27', '2023-02-15 01:57:27'),
(173, 'rVQqtF76yt', 'Iste incidunt saepe ea doloremque. Recusandae ut neque sed. Minus accusamus natus mollitia ducimus. Qui sequi aut quae unde nesciunt nemo.', 5, '2023-02-15 01:57:27', '2023-02-15 01:57:27'),
(174, 'IWDti00W9f', 'Aspernatur libero omnis ut nihil dolorem eveniet porro sint. Sint corporis incidunt id iure. Ea voluptas dolorum facilis eos consectetur. Consequatur molestiae facere eos voluptate cumque aspernatur tempore.', 5, '2023-02-15 01:57:27', '2023-02-15 01:57:27'),
(175, '4e5D1Pns8R', 'Consequatur nihil enim praesentium dolores omnis. Et ipsam consectetur odio et culpa. Perferendis voluptates id sed officiis aut odio sapiente.', 3, '2023-02-15 01:57:28', '2023-02-15 01:57:28'),
(176, 'EmG2P8E9fC', 'Eligendi ut ipsa rerum accusamus culpa unde velit. Doloribus dolorem qui atque ut quas aspernatur. Saepe at quos odit ut maiores velit dolorem.', 5, '2023-02-15 01:57:28', '2023-02-15 01:57:28'),
(177, 'IRgWljVWzw', 'Saepe dolore voluptas neque quasi ut eum qui. Ut quas doloribus suscipit quam. Maiores unde aut sint aut eos. Illum enim quibusdam aut nulla eum.', 5, '2023-02-15 01:57:28', '2023-02-15 01:57:28'),
(178, 'L3E9vrRNZL', 'Odit accusamus eius et. Et voluptatem aut deleniti et illo ut ratione. Aliquam nemo unde inventore nam magni.', 4, '2023-02-15 01:57:28', '2023-02-15 01:57:28'),
(179, 'k38PFUxMWz', 'Expedita iste quaerat est quis voluptatem quia itaque. Corporis vel veniam ipsa rerum saepe. Error et vel necessitatibus voluptatibus odio cum autem. Non sunt cum dolor error dolor aut.', 2, '2023-02-15 01:57:28', '2023-02-15 01:57:28'),
(180, 'Z52aDRgveW', 'Porro doloribus pariatur facilis delectus quam. Qui corporis distinctio qui eveniet vel similique blanditiis. Doloremque recusandae beatae eligendi placeat. Rerum cumque quod facere.', 3, '2023-02-15 01:57:28', '2023-02-15 01:57:28'),
(181, 'NOC4ab72gw', 'Quia illo excepturi ullam illo laboriosam consectetur aliquid. Blanditiis inventore aut ipsum ratione voluptatem. Asperiores neque quas nemo est aperiam aut laboriosam. Corrupti blanditiis nam consequuntur architecto corrupti quia fuga.', 1, '2023-02-15 01:57:28', '2023-02-15 01:57:28'),
(182, 'G6QSmg2Sqg', 'Similique qui illum facilis facilis debitis. Et ad ducimus veniam ab. Perspiciatis sed modi consequatur cum. Aut magnam et ipsum delectus esse maiores deserunt alias.', 4, '2023-02-15 01:57:28', '2023-02-15 01:57:28'),
(183, 'J2ZkPEE6Vn', 'Consectetur totam nobis enim. Numquam quis laborum qui voluptatum suscipit. Quod et molestiae vero dolores. Et tenetur est est eos sit a.', 1, '2023-02-15 01:57:28', '2023-02-15 01:57:28'),
(184, '0LMxLV7giU', 'Dicta natus error quia ratione. Voluptatem consequuntur enim aspernatur quod consectetur et libero. Recusandae aut voluptatibus iure officiis sunt facilis hic ut.', 2, '2023-02-15 01:57:28', '2023-02-15 01:57:28'),
(185, 'Y6sc8uK50N', 'Doloribus ut atque sunt est illum temporibus amet soluta. Molestiae enim optio quaerat aliquam.', 5, '2023-02-15 01:57:28', '2023-02-15 01:57:28'),
(186, 'nlNMMGHAcr', 'Sed soluta nihil et amet magnam. Natus quia non debitis voluptatibus ipsa. Nisi quibusdam earum omnis voluptatum et aut.', 4, '2023-02-15 01:57:28', '2023-02-15 01:57:28'),
(187, 'EnUCRxNL4J', 'Tempora sed id ea aut. Veritatis unde nostrum ratione eligendi ad maxime temporibus.', 3, '2023-02-15 01:57:28', '2023-02-15 01:57:28'),
(188, 'sEcjjdRhTM', 'Laboriosam est blanditiis maiores possimus libero exercitationem est sint. Excepturi ut rerum error dicta. Fugiat incidunt quasi et facilis aut doloribus voluptates. Quo velit soluta et quo enim vitae.', 4, '2023-02-15 01:57:28', '2023-02-15 01:57:28'),
(189, 'iscRRkqFSa', 'Enim at ab beatae cupiditate laborum et impedit. Minus nihil numquam in ab at sed officia. Quidem ipsa est delectus nulla voluptatem est.', 5, '2023-02-15 01:57:28', '2023-02-15 01:57:28'),
(190, 'VOZfEzisV6', 'Autem nesciunt qui voluptates voluptatem ad sit. Alias nihil sed labore cupiditate iusto id labore. Quis alias recusandae quis eligendi ex quo.', 4, '2023-02-15 01:57:28', '2023-02-15 01:57:28'),
(191, 'mDEgLAnl9i', 'Est earum autem qui sint laboriosam. Non officiis possimus quidem fugiat qui ut corrupti. Eius ut cum odit dolor. Fugiat qui magnam sed non dicta rem quibusdam.', 4, '2023-02-15 01:57:28', '2023-02-15 01:57:28'),
(192, 'rWQsaaiXX1', 'Ut nemo quo sunt autem est sint architecto. Voluptates fugiat cumque et.', 5, '2023-02-15 01:57:28', '2023-02-15 01:57:28'),
(193, 'iXmgQEXrS9', 'Labore corporis voluptatem tenetur. Nulla possimus sequi quaerat ut commodi quisquam. In eaque et ab ab consequuntur pariatur reiciendis. Dolor saepe sit dolor fugiat vel facilis nemo.', 3, '2023-02-15 01:57:28', '2023-02-15 01:57:28'),
(194, 'wuJNTr3vXQ', 'Illo autem facilis et blanditiis minima occaecati. In soluta nihil error commodi. Velit aut ab sed voluptatem nisi sunt. Libero sint dolores eaque non praesentium et magnam. Sapiente deleniti facilis qui perferendis error.', 5, '2023-02-15 01:57:28', '2023-02-15 01:57:28'),
(195, 'ykJ9pb6sIc', 'Odit provident beatae quia eum. Amet quas quisquam occaecati necessitatibus quaerat corrupti facilis.', 1, '2023-02-15 01:57:28', '2023-02-15 01:57:28'),
(196, 'w0WAQVdx40', 'Veniam sint omnis magni et labore. Officia quis velit ut corrupti.', 3, '2023-02-15 01:57:28', '2023-02-15 01:57:28'),
(197, 'KBdUD1cV9i', 'Nemo qui ipsum quia molestiae facilis. Rerum quae sunt neque. Eos mollitia perspiciatis at voluptas. Est iste asperiores qui doloribus.', 4, '2023-02-15 01:57:28', '2023-02-15 01:57:28'),
(198, 'Sg9LZ7CiYq', 'Magni amet vitae neque debitis repudiandae occaecati. Molestiae incidunt possimus asperiores inventore corrupti culpa.', 3, '2023-02-15 01:57:28', '2023-02-15 01:57:28'),
(199, 'iTBdHeWHiT', 'Dolores non corporis velit est minus eligendi nihil. Autem et eveniet sequi harum sit alias. Accusantium eligendi tempora nihil veritatis sed quam rem corporis. Culpa officiis ipsa doloremque facilis.', 1, '2023-02-15 01:57:28', '2023-02-15 01:57:28'),
(200, 'tiwC0BRZxO', 'Commodi harum alias consequatur et. Vel fuga tempore quos odit. Est sunt porro occaecati ad tempora.', 2, '2023-02-15 01:57:28', '2023-02-15 01:57:28'),
(201, 'u1nkA2Ie8j', 'Et dolorum ratione suscipit voluptate aut velit. Hic quibusdam qui et vero.', 5, '2023-02-15 01:57:28', '2023-02-15 01:57:28'),
(202, 'nT8PMqcEMu', 'Nisi dignissimos enim vel consequatur rerum nihil molestiae. Nobis accusantium repudiandae quis et ut. Enim consequatur dolor laboriosam ut. Numquam itaque aliquam totam eum in autem quia.', 1, '2023-02-15 01:57:28', '2023-02-15 01:57:28'),
(203, '3Zt9E8MFC0', 'Possimus ut ut itaque totam et. Maiores explicabo nostrum esse inventore assumenda autem. Omnis ratione dolor distinctio corrupti fugiat magni. Dolores modi accusantium nesciunt laudantium ad omnis id. Doloremque molestiae est veritatis dolore occaecati aut.', 5, '2023-02-15 01:57:28', '2023-02-15 01:57:28'),
(204, 'sg2ybjgp4b', 'Accusantium expedita aut aliquam aut quia consequatur iure. Sint eius a porro quas molestiae. Maxime unde nihil velit alias nemo totam voluptas.', 1, '2023-02-15 01:57:28', '2023-02-15 01:57:28'),
(205, 'xPgjIi4o3T', 'Dolor voluptatibus illo facilis ut et numquam quibusdam. Vero est rerum quia quis mollitia autem. Veritatis tempora sunt saepe sint nostrum. Et nostrum consequatur quis maiores perferendis reiciendis ab.', 1, '2023-02-15 01:57:28', '2023-02-15 01:57:28'),
(206, '6dsLqVj5wd', 'Autem et nemo quia quod odio assumenda qui id. Illum assumenda autem expedita cupiditate et vel totam. Labore aperiam aut doloremque. Aperiam sed aliquid quibusdam maxime ea rem et. Molestiae repudiandae qui dolor.', 3, '2023-02-15 01:57:28', '2023-02-15 01:57:28'),
(207, 'LJPzJoH85D', 'Nostrum aspernatur expedita aut illo laudantium. Alias aliquam eum hic sint voluptatem. Vel voluptatum et quia ut sequi iure. Placeat ea voluptas hic maxime.', 4, '2023-02-15 01:57:28', '2023-02-15 01:57:28'),
(208, 'WefpnMUcCf', 'Iusto tempore ea est sit itaque aut. Quisquam error facere consequuntur est. Incidunt provident sit dicta delectus. Nihil maiores necessitatibus ab blanditiis ipsum.', 2, '2023-02-15 01:57:28', '2023-02-15 01:57:28'),
(209, 'e1AaJhhULw', 'Voluptate quas animi nihil maiores consequuntur ut consequuntur ut. Tenetur corrupti ea fugiat aut et optio voluptates.', 5, '2023-02-15 01:57:28', '2023-02-15 01:57:28'),
(210, '93JCxFTdMl', 'Et excepturi voluptatem expedita quo sunt. Velit vel et ratione inventore ad expedita cum. Quam perspiciatis labore non similique. Est et possimus vel itaque fugit ut.', 3, '2023-02-15 01:57:28', '2023-02-15 01:57:28'),
(211, 'UOINCqukNu', 'Et cum enim molestiae et sit rerum. Explicabo voluptas asperiores dolorem cum. Nam voluptas soluta est aut dicta. Autem dolores amet officia inventore.', 3, '2023-02-15 01:57:28', '2023-02-15 01:57:28'),
(212, '6qJpzYJG6Z', 'Corrupti consectetur vero voluptatem quod. Recusandae est quidem sed quasi velit architecto ipsam.', 2, '2023-02-15 01:57:28', '2023-02-15 01:57:28'),
(213, 'cl5R1z78FE', 'Vero dicta nulla ipsa. Assumenda quis nihil mollitia aut doloremque. Maiores odit possimus doloribus. Sit nobis rerum officiis neque possimus.', 3, '2023-02-15 01:57:28', '2023-02-15 01:57:28'),
(214, 'xEuCV28uGP', 'Officiis id corrupti perspiciatis in. Deleniti ad quasi fugiat voluptatibus. Veritatis voluptatem vel omnis aliquam vel dignissimos nisi.', 2, '2023-02-15 01:57:28', '2023-02-15 01:57:28'),
(215, 'q596BNE2gK', 'Eius quo asperiores consequatur nisi possimus hic aperiam quae. Aliquam et labore nostrum rerum deserunt tenetur. Nobis molestiae quia dolorem aperiam provident hic dolorem.', 2, '2023-02-15 01:57:28', '2023-02-15 01:57:28'),
(216, 'LCpril3XGd', 'Enim voluptatem reiciendis quidem aut quia harum autem. Tempore voluptates magnam alias rerum. Quibusdam velit dignissimos veniam culpa incidunt. Eaque maiores aut aut cupiditate. Eos molestiae rerum earum natus maxime animi nemo.', 1, '2023-02-15 01:57:28', '2023-02-15 01:57:28'),
(217, 'Wjjy0EQCNS', 'Sit aspernatur culpa voluptate non iste reprehenderit. Unde impedit quod quis alias consequatur quia.', 1, '2023-02-15 01:57:28', '2023-02-15 01:57:28'),
(218, 'TaaLlNNAvT', 'Nulla fuga eum qui odit atque eligendi. Ipsa laudantium ad quia sunt ea sunt. Earum vero voluptas quia quibusdam eveniet est. Minus dolores sunt fuga maxime.', 4, '2023-02-15 01:57:28', '2023-02-15 01:57:28'),
(219, 'rETa5gRz3S', 'Illum voluptatem illo quae veniam ipsam dolorem. Dolorem tempora sunt beatae consequatur qui vel. Nostrum molestiae rerum numquam eum atque aliquid odit enim.', 3, '2023-02-15 01:57:28', '2023-02-15 01:57:28');
INSERT INTO `posts` (`id`, `name`, `description`, `category_id`, `created_at`, `updated_at`) VALUES
(220, 'pZL28BDa8h', 'Est quos et itaque quidem doloribus est cum ea. Nostrum odio voluptatum explicabo tempora dolores. Ab et debitis ut eius eius eaque voluptates. Aut qui laboriosam accusamus voluptatum consequatur.', 2, '2023-02-15 01:57:28', '2023-02-15 01:57:28'),
(221, '3hyNyzacx6', 'Vel modi reprehenderit soluta in nulla numquam. Temporibus sed accusantium ratione aut nihil possimus. Maxime delectus et qui aspernatur tempore totam. Omnis corporis ipsa sit ea porro enim aperiam.', 2, '2023-02-15 01:57:28', '2023-02-15 01:57:28'),
(222, 'mGR0HsHTht', 'Maxime et eveniet quis voluptas aut tempore. Accusamus error consectetur quisquam. Consequuntur et aut qui est minima accusamus. Voluptate voluptate accusantium vitae eos exercitationem debitis.', 1, '2023-02-15 01:57:28', '2023-02-15 01:57:28'),
(223, 'YPeNMBh1iN', 'Eum sed ex amet reprehenderit. Voluptatem voluptas recusandae voluptas velit. Ullam blanditiis aliquid aut consequuntur eveniet iusto dolor ea.', 2, '2023-02-15 01:57:28', '2023-02-15 01:57:28'),
(224, '1ayYl2FIT2', 'Illum corrupti recusandae rerum facilis. Voluptas temporibus impedit molestiae. Iusto quis aliquid animi quam quos est vitae. Voluptatibus tenetur id modi eligendi. Rerum sint recusandae nulla doloribus.', 4, '2023-02-15 01:57:28', '2023-02-15 01:57:28'),
(225, 'IRSOzsrtAU', 'Fugiat et atque odit est voluptatum necessitatibus. Error rerum aut perspiciatis qui error sed.', 2, '2023-02-15 01:57:28', '2023-02-15 01:57:28'),
(226, 'jvRRBbxzcM', 'Inventore sed blanditiis consequatur nostrum et odit. Sed incidunt neque neque autem et. Culpa quasi eveniet odio aut et.', 1, '2023-02-15 01:57:28', '2023-02-15 01:57:28'),
(227, 'rapGOlr5Lh', 'A fuga rerum sequi explicabo. Quidem asperiores a et exercitationem sint reprehenderit ut blanditiis. Minus sapiente quia et consectetur sunt explicabo ut.', 1, '2023-02-15 01:57:28', '2023-02-15 01:57:28'),
(228, 'bQZzBNsZQP', 'Eos officiis sed quae saepe suscipit dolorem reiciendis. Sit quia rerum aspernatur pariatur alias deserunt.', 5, '2023-02-15 01:57:28', '2023-02-15 01:57:28'),
(229, '8HXcTgBCBm', 'Eum beatae perspiciatis fugit earum eveniet non. Incidunt et ut cupiditate vitae alias pariatur sint.', 4, '2023-02-15 01:57:28', '2023-02-15 01:57:28'),
(230, 'AzlnwgJ1sD', 'Deleniti est dolor atque placeat. Reprehenderit fugit quae dolorem omnis quos. Ut accusamus voluptatem dolor quaerat.', 3, '2023-02-15 01:57:28', '2023-02-15 01:57:28'),
(231, 'Q6TcEXGEPq', 'Similique sed voluptatem sit voluptate et. Ipsum nihil tenetur praesentium qui aut. Inventore et cum animi laudantium et dolorum iste.', 3, '2023-02-15 01:57:28', '2023-02-15 01:57:28'),
(232, 'OFdDMBwzaA', 'Nam iusto error corporis sit. Itaque dicta magnam at voluptas. Sequi repellat culpa harum.', 1, '2023-02-15 01:57:28', '2023-02-15 01:57:28'),
(233, 'yE4fNCLRBA', 'Id ipsum id expedita quia voluptas a. Architecto unde consequatur consequatur animi et cumque. Aut sint ut porro quae accusamus enim. Ad ipsam consequuntur dolorem cupiditate quis.', 3, '2023-02-15 01:57:28', '2023-02-15 01:57:28'),
(234, 'voaLM1dH9L', 'Nulla cum laboriosam optio quasi et blanditiis. Voluptatem natus itaque dolores laboriosam illum adipisci. Ea quia recusandae adipisci laboriosam maiores. Ut eligendi molestiae et aut et repudiandae omnis.', 4, '2023-02-15 01:57:28', '2023-02-15 01:57:28'),
(235, 'pyIWanwvba', 'Quia assumenda recusandae est sit itaque. Dolore sit veniam rem ut corrupti beatae enim ut.', 3, '2023-02-15 01:57:28', '2023-02-15 01:57:28'),
(236, '7oeBbNSuaw', 'Non soluta autem sed. Eligendi sunt quia voluptatum a architecto. Maxime enim ut ut quia nulla. Eligendi quasi sint quia corporis est perferendis molestiae hic.', 3, '2023-02-15 01:57:28', '2023-02-15 01:57:28'),
(237, '7ai4u7KbBO', 'Est dicta eveniet quia labore quae et. At dolor veritatis ut non non. Voluptates cupiditate possimus et dolor.', 5, '2023-02-15 01:57:28', '2023-02-15 01:57:28'),
(238, 'rH61Pa64h1', 'Similique adipisci itaque voluptatum sit explicabo sint non. Laborum aut dicta a molestiae placeat illo. Qui aspernatur delectus voluptatem est commodi pariatur laudantium. Expedita voluptas eos est est.', 3, '2023-02-15 01:57:28', '2023-02-15 01:57:28'),
(239, 'kMasVwlt4O', 'Repellendus laborum ut est iusto tempora. Qui distinctio quibusdam alias sunt. Eum nisi ut quisquam et quia asperiores eveniet.', 5, '2023-02-15 01:57:28', '2023-02-15 01:57:28'),
(240, 'nnwwtG8wga', 'At vero ut molestiae sed aliquam. Officiis eligendi similique sint ea illo voluptas dolor dolor. Suscipit tempore autem facere quam non voluptatem et.', 2, '2023-02-15 01:57:28', '2023-02-15 01:57:28'),
(241, 'EMZbn3S0PP', 'Nemo quia ducimus enim fugiat in. Est corrupti officiis aut omnis. Harum corrupti qui aut quas. Et velit ullam temporibus doloremque consequatur incidunt rerum.', 5, '2023-02-15 01:57:28', '2023-02-15 01:57:28'),
(242, 'ExX8OjQoLs', 'Corporis et voluptatem natus excepturi voluptas quae atque expedita. Facere provident deserunt est quibusdam quas omnis.', 5, '2023-02-15 01:57:28', '2023-02-15 01:57:28'),
(243, 'eww6pHMWg8', 'Iste vel impedit ut consectetur ut et. Ea voluptate nemo at voluptates eius temporibus omnis. Aut facilis odit amet libero voluptatem est.', 1, '2023-02-15 01:57:28', '2023-02-15 01:57:28'),
(244, 'BFPGHp0mlA', 'Reiciendis alias at consequatur libero non sunt ut. Possimus officiis molestiae possimus totam. Eveniet earum est quisquam quia et recusandae reiciendis in. Voluptatem dignissimos aut itaque voluptatem corrupti facere velit eveniet.', 5, '2023-02-15 01:57:28', '2023-02-15 01:57:28'),
(245, 'WCvf24aNkO', 'Cumque nulla voluptatem eius suscipit. Temporibus ut libero autem sequi. Sint voluptas quam totam reprehenderit dolorum tenetur est.', 3, '2023-02-15 01:57:28', '2023-02-15 01:57:28'),
(246, '0Nx6NafpFm', 'Fugit nisi sint iste nemo quam vel dolore illum. Quod neque nihil nihil aut nihil consequatur. Aliquid et amet non at. Consequatur modi tempore voluptates voluptatem.', 3, '2023-02-15 01:57:28', '2023-02-15 01:57:28'),
(247, 'oK6mt1UqDJ', 'Eum voluptatum deleniti accusantium optio enim et dolore. Suscipit laborum non tempora magnam ad veniam inventore. Modi animi velit ab.', 1, '2023-02-15 01:57:28', '2023-02-15 01:57:28'),
(248, 'HhwSM3RfId', 'Voluptas quia saepe eum nisi eos eos et. Fuga reiciendis in voluptatem ipsam voluptatem.', 2, '2023-02-15 01:57:28', '2023-02-15 01:57:28'),
(249, 'wiJIgZX7XT', 'Et libero reprehenderit maxime tenetur. Suscipit autem quis et minima vero consequatur. Provident natus autem nihil qui fuga.', 1, '2023-02-15 01:57:28', '2023-02-15 01:57:28'),
(250, 'Deg0YlQBI4', 'Dolorem eum iure sed excepturi in ipsum est. Id unde rerum omnis sequi. Aut voluptas aut ut enim molestias quas.', 2, '2023-02-15 01:57:28', '2023-02-15 01:57:28'),
(251, 'ZcocZqlh2b', 'Beatae qui sapiente nam aut quod illum debitis. Ut ut et voluptatibus quia et vel. Blanditiis ad enim rerum.', 1, '2023-02-15 01:57:28', '2023-02-15 01:57:28'),
(252, '5V8RLGNctB', 'Repudiandae ex accusamus quis repellendus quia aut. Beatae eveniet qui vitae occaecati doloremque ut. A suscipit veniam sunt sint pariatur voluptatum fuga. Voluptas nostrum ratione nulla explicabo odio.', 1, '2023-02-15 01:57:28', '2023-02-15 01:57:28'),
(253, 'vESb1r9e5D', 'Natus voluptatem aut inventore nam. Adipisci quam ea saepe et id impedit laborum. Voluptas voluptas eveniet quo saepe sapiente in.', 2, '2023-02-15 01:57:28', '2023-02-15 01:57:28'),
(254, 'kfmMuHSJGP', 'Et unde et porro tempore asperiores nostrum sit. Aut et et explicabo nesciunt quo. Nostrum est animi qui quia reiciendis. Natus ullam sed voluptatibus provident cupiditate repellat.', 3, '2023-02-15 01:57:28', '2023-02-15 01:57:28'),
(255, 'NPKR5j5JIZ', 'Qui non voluptatem et in. Qui et alias ad. Nisi distinctio cumque dolorum repudiandae. Quos ipsam quia beatae.', 5, '2023-02-15 01:57:28', '2023-02-15 01:57:28'),
(256, 'QcPGdczVhx', 'Omnis cumque earum suscipit libero. Tempore ut atque voluptas ipsum in. Ullam sed id perspiciatis sequi debitis veniam.', 3, '2023-02-15 01:57:28', '2023-02-15 01:57:28'),
(257, 'VJgxVmkRWQ', 'Odio suscipit praesentium in corporis. Et illum ipsa sint placeat similique. Omnis quasi saepe distinctio quia et minima quis.', 3, '2023-02-15 01:57:28', '2023-02-15 01:57:28'),
(258, 'IR3hCazvIq', 'Qui nulla non vero. Repudiandae et nulla veritatis recusandae ullam. Dignissimos voluptates omnis quidem fugiat.', 4, '2023-02-15 01:57:28', '2023-02-15 01:57:28'),
(259, '0IIS2eE7vf', 'Aut qui est quo. Et qui delectus eveniet animi sunt id. Eveniet vel temporibus nihil adipisci reprehenderit officia.', 3, '2023-02-15 01:57:28', '2023-02-15 01:57:28'),
(260, 'njYMC8lNsM', 'Sint est rerum corrupti nihil. Excepturi id est reprehenderit excepturi tenetur error. Nobis voluptatum officiis in est. Sed sunt non illo aspernatur eum nostrum voluptas voluptas.', 1, '2023-02-15 01:57:28', '2023-02-15 01:57:28'),
(261, 'QMRVyJdQYg', 'Rerum voluptatum magnam est voluptas aut dolore. Reiciendis est et qui. Dolorem qui ullam vel voluptatem.', 4, '2023-02-15 01:57:28', '2023-02-15 01:57:28'),
(262, 'l78voaSisk', 'Necessitatibus fugiat dolores aut adipisci perspiciatis a odit quia. Veniam qui iure qui mollitia. Est non illo modi aspernatur quod et. Maxime ut voluptatem fugiat ipsum saepe.', 4, '2023-02-15 01:57:28', '2023-02-15 01:57:28'),
(263, 'X6e8OJgeoP', 'Accusamus veritatis pariatur doloribus omnis et. Molestiae ab labore voluptatem rerum. Debitis accusantium qui voluptatibus voluptatum eveniet blanditiis. Iste nihil qui itaque quos corporis. Aliquid corporis voluptatum aut maxime corrupti.', 5, '2023-02-15 01:57:28', '2023-02-15 01:57:28'),
(264, 'XJM63fPSGk', 'Aut quia ex totam et et. In soluta dolores voluptate nemo ut quia aut quidem. Mollitia suscipit distinctio quisquam eum. Laborum eius omnis enim eum.', 1, '2023-02-15 01:57:28', '2023-02-15 01:57:28'),
(265, 'JX9ZLMBOUD', 'Placeat quia vel aut ut quasi dolore est tenetur. Aut aperiam aut sunt pariatur maxime ut. Impedit ut enim ex quasi. Veniam odit itaque repudiandae dolor molestiae ullam ipsum.', 3, '2023-02-15 01:57:28', '2023-02-15 01:57:28'),
(266, 'Kon4slL1nl', 'Repudiandae omnis earum sed sequi vel. Veniam quam soluta consequatur culpa. Expedita facere ut voluptatem laborum. Impedit minima nemo tenetur ipsam mollitia et ut.', 5, '2023-02-15 01:57:28', '2023-02-15 01:57:28'),
(267, 'fVa1vRgGqi', 'Ad maxime quas aperiam non reiciendis rerum quibusdam. Laborum aut ex est beatae ducimus error. Quae non animi voluptas quae sunt. Et voluptas ullam similique vel deserunt. Et sed rerum laudantium sint.', 3, '2023-02-15 01:57:28', '2023-02-15 01:57:28'),
(268, 'l7Xou5wDvj', 'Perspiciatis rerum eos incidunt tenetur minima deserunt. Iure sunt dicta veniam. Qui ab delectus veritatis eum dolor voluptates accusantium quia.', 3, '2023-02-15 01:57:28', '2023-02-15 01:57:28'),
(269, 'e9BwKs1Uy1', 'Unde soluta autem odio cupiditate et. Et repellendus ut minus aut laboriosam odio. Nostrum placeat qui reiciendis similique. Vero nihil odit voluptatem dolorem officia.', 3, '2023-02-15 01:57:28', '2023-02-15 01:57:28'),
(270, 'cnV3TILEMY', 'Veritatis facere dolor veritatis quisquam. Quam nihil ut assumenda enim. Et ea consequatur nostrum modi voluptatem enim.', 2, '2023-02-15 01:57:28', '2023-02-15 01:57:28'),
(271, 'Zo209JnbMk', 'Velit voluptatem necessitatibus velit distinctio sed. Et consequatur amet illum. Eligendi laborum quaerat aliquid dicta perferendis et. Et aspernatur distinctio quo tempora accusantium laboriosam cum repellendus.', 4, '2023-02-15 01:57:28', '2023-02-15 01:57:28'),
(272, 'E0P1B5q33M', 'Fugit placeat deserunt est delectus quaerat minus. Cum quia quia quo repudiandae animi. Officia non sapiente odio nihil deserunt et.', 4, '2023-02-15 01:57:28', '2023-02-15 01:57:28'),
(273, 'bVuJkK0K8n', 'Impedit adipisci a ea et earum. Sit ad atque ullam. Ex est eaque aliquam debitis quasi doloremque maiores. Corrupti dicta repellendus ea ad iste aut quo.', 5, '2023-02-15 01:57:28', '2023-02-15 01:57:28'),
(274, 'GdYVFGtLO8', 'Cupiditate ad qui error cum nisi neque. Unde omnis saepe consequatur dolorem perspiciatis. Ipsum illo voluptatem minima dolor quidem occaecati. Qui expedita neque ab.', 2, '2023-02-15 01:57:28', '2023-02-15 01:57:28'),
(275, 'TO2H5OXDFe', 'Atque et reiciendis ipsam a voluptatem recusandae hic. Sed aspernatur perferendis ad nam et nesciunt. Minus numquam est impedit. Nobis repudiandae doloremque eum alias.', 2, '2023-02-15 01:57:28', '2023-02-15 01:57:28'),
(276, 'c2i8Ls2uEH', 'Ut nisi ab nobis repudiandae atque. Et repellat placeat nam numquam sunt aperiam. Tempora quidem voluptatem eaque dolores.', 2, '2023-02-15 01:57:28', '2023-02-15 01:57:28'),
(277, 'feODoeLl8H', 'Ut ad facere esse commodi eum hic ea. Placeat vel veritatis magnam dolorem qui. Quae harum maiores in. Blanditiis vel occaecati pariatur molestias.', 1, '2023-02-15 01:57:28', '2023-02-15 01:57:28'),
(278, 'OLlUOmaFIo', 'Dolorem velit eos provident voluptas. Deleniti nemo amet odit id blanditiis voluptas. Vero molestias sapiente mollitia omnis.', 4, '2023-02-15 01:57:28', '2023-02-15 01:57:28'),
(279, 'pJAllnE3OU', 'A voluptatem est libero. Non maxime aut explicabo eos veritatis. Velit soluta fugiat aut amet voluptates ut. Est et ut aliquam molestiae quidem aut.', 3, '2023-02-15 01:57:28', '2023-02-15 01:57:28'),
(280, '7WJQPOJOO9', 'Eaque architecto iste placeat et est quae sed. Adipisci non explicabo ut sunt. Quia praesentium doloremque nihil nobis reprehenderit deserunt tenetur. Sint amet est laborum qui.', 4, '2023-02-15 01:57:28', '2023-02-15 01:57:28'),
(281, '22S4WF5at2', 'Incidunt eum in expedita et iste qui. Ea molestiae et sunt tempore adipisci debitis. Vel molestiae impedit autem doloribus at facilis. Facilis dolor quam distinctio iusto quibusdam dolor voluptatum.', 3, '2023-02-15 01:57:28', '2023-02-15 01:57:28'),
(282, 'uynSWgTuLC', 'Quia odio odio quisquam non aut. Omnis eveniet distinctio maiores quos reiciendis. Eaque ullam tempore laboriosam. Et quaerat voluptatem dolorem reprehenderit omnis.', 3, '2023-02-15 01:57:28', '2023-02-15 01:57:28'),
(283, 'qZgUiDYmyf', 'Atque praesentium dolor aperiam labore sint. Magnam fugit incidunt qui dolores assumenda tenetur. Explicabo nisi quia saepe illo rerum vel.', 3, '2023-02-15 01:57:28', '2023-02-15 01:57:28'),
(284, 'IhsSiNM5TC', 'Sapiente quasi perspiciatis ratione voluptatem. Temporibus deserunt maiores illo eaque. Atque incidunt sapiente fuga et et numquam aut. Dolorem ea esse eos quis temporibus eum.', 5, '2023-02-15 01:57:28', '2023-02-15 01:57:28'),
(285, 'V43S6CG0Iu', 'Esse et qui velit temporibus. Qui autem totam tempora sed modi earum et. Omnis tempora aspernatur ut. Corrupti quos voluptatum molestias quia debitis dolore dignissimos rerum.', 1, '2023-02-15 01:57:28', '2023-02-15 01:57:28'),
(286, 'GjEz8okXGq', 'Possimus temporibus rem quidem. Ullam similique tenetur impedit molestiae. Aut illo impedit dignissimos autem. Quaerat nobis sunt vitae ex porro. Impedit molestiae minima nostrum dicta.', 2, '2023-02-15 01:57:28', '2023-02-15 01:57:28'),
(287, 'BBIetdhilF', 'Dolor hic odit tempora assumenda modi aut reprehenderit. Illo vitae est consequatur harum corporis incidunt. Possimus enim animi corrupti tenetur fugiat molestias.', 4, '2023-02-15 01:57:28', '2023-02-15 01:57:28'),
(288, 'Ih9krGUS9I', 'Est earum ad vel officia. Sapiente ea est ipsum velit alias facilis accusamus. Non expedita sit sit commodi. Eligendi quae iure odit quidem dignissimos.', 4, '2023-02-15 01:57:28', '2023-02-15 01:57:28'),
(289, 'u2DYAlUoQU', 'Voluptatem atque nulla velit occaecati voluptatem minima. Quia veritatis dolores ipsam. Voluptas quaerat molestiae placeat nemo. Animi occaecati possimus fugiat numquam quia.', 4, '2023-02-15 01:57:28', '2023-02-15 01:57:28'),
(290, 'dObQr5G2o4', 'Et doloremque porro unde tempore aliquam dolore corporis. Nesciunt ut possimus labore. Placeat voluptas eos temporibus corporis explicabo deleniti et. Aut natus commodi dolorum repellendus beatae numquam.', 1, '2023-02-15 01:57:28', '2023-02-15 01:57:28'),
(291, 'Yfx24QiMqn', 'Numquam voluptas voluptatem aut doloribus reiciendis cumque tempore. Qui et saepe et itaque quis nulla et. Est fuga facere et vel perspiciatis. Consequatur quod amet pariatur similique exercitationem veniam nihil.', 3, '2023-02-15 01:57:28', '2023-02-15 01:57:28'),
(292, 'JsjiX2aU2H', 'Aut autem sit nostrum deleniti. Possimus et maiores temporibus necessitatibus. Ut eum at eum fugit. Blanditiis aliquam cupiditate enim unde.', 1, '2023-02-15 01:57:28', '2023-02-15 01:57:28'),
(293, 'bHpyMfi2cB', 'Est praesentium quas illo facere. Modi repellendus ea praesentium unde. Exercitationem a maxime autem eos fugiat sapiente. Consequuntur saepe adipisci non ut voluptatem culpa ipsum.', 2, '2023-02-15 01:57:28', '2023-02-15 01:57:28'),
(294, 'oQFHHpaZI0', 'Aut corrupti explicabo ut sapiente aut voluptas explicabo. Corrupti iusto officia sint eum. Sed aperiam dolor laudantium molestiae sed.', 5, '2023-02-15 01:57:28', '2023-02-15 01:57:28'),
(295, 'rbuB3oVrLW', 'Sed fuga corrupti qui doloribus similique qui iste. Placeat adipisci quo facilis inventore eligendi. Impedit enim sed nisi voluptatem sint asperiores eum.', 2, '2023-02-15 01:57:28', '2023-02-15 01:57:28'),
(296, 'awc0d3fPUb', 'Sint vel sed tempore sit amet. Mollitia magnam libero et porro. Quisquam distinctio nihil ea et quisquam.', 4, '2023-02-15 01:57:28', '2023-02-15 01:57:28'),
(297, 'AqEr4t3a1Q', 'Voluptatibus omnis natus voluptatibus rerum distinctio. Quis tenetur sit et id beatae necessitatibus. Iure autem velit aut et sequi dolore.', 3, '2023-02-15 01:57:28', '2023-02-15 01:57:28'),
(298, 'TSiJUeGRnG', 'Quia ut earum ut dolores. Omnis inventore molestias rerum nostrum rerum et modi illo. Eius enim expedita mollitia explicabo eaque sit blanditiis. Temporibus libero assumenda molestias voluptatem dolor expedita.', 1, '2023-02-15 01:57:28', '2023-02-15 01:57:28'),
(299, '5oUAyFSHmU', 'Omnis non voluptates nemo fugit dolor perferendis. Quod cum fugiat architecto aut. Ipsum sit possimus et pariatur.', 2, '2023-02-15 01:57:28', '2023-02-15 01:57:28'),
(300, 'AapJNC3Xl5', 'Iusto ea officia accusantium quae quia vero laboriosam ratione. Commodi iusto est quis sed est blanditiis dolorum in. Itaque quasi aliquam id eum perferendis. Soluta voluptatibus explicabo non laboriosam eveniet laudantium aut.', 3, '2023-02-15 01:57:28', '2023-02-15 01:57:28');

-- --------------------------------------------------------

--
-- Table structure for table `states`
--

CREATE TABLE `states` (
  `id` bigint(20) UNSIGNED NOT NULL,
  `name` varchar(255) NOT NULL,
  `post_id` bigint(20) UNSIGNED NOT NULL,
  `created_at` timestamp NULL DEFAULT NULL,
  `updated_at` timestamp NULL DEFAULT NULL
) ENGINE=InnoDB DEFAULT CHARSET=utf8mb4 COLLATE=utf8mb4_unicode_ci;

-- --------------------------------------------------------

--
-- Table structure for table `users`
--

CREATE TABLE `users` (
  `id` bigint(20) UNSIGNED NOT NULL,
  `name` varchar(255) NOT NULL,
  `email` varchar(255) NOT NULL,
  `email_verified_at` timestamp NULL DEFAULT NULL,
  `password` varchar(255) NOT NULL,
  `remember_token` varchar(100) DEFAULT NULL,
  `created_at` timestamp NULL DEFAULT NULL,
  `updated_at` timestamp NULL DEFAULT NULL,
  `two_factor_code` varchar(255) DEFAULT NULL,
  `two_factor_expires_at` datetime DEFAULT NULL
) ENGINE=InnoDB DEFAULT CHARSET=utf8mb4 COLLATE=utf8mb4_unicode_ci;

--
-- Dumping data for table `users`
--

INSERT INTO `users` (`id`, `name`, `email`, `email_verified_at`, `password`, `remember_token`, `created_at`, `updated_at`, `two_factor_code`, `two_factor_expires_at`) VALUES
(1, 'admin', 'admin@admin.com', NULL, '$2y$10$YHjSkuTwVIZjIPhN7KBPy.hc4g6Bz0aZA4L2D.NylQKzJt7luYBgC', NULL, '2023-02-15 01:57:28', '2023-02-15 01:57:28', '282781', '2023-02-28 08:30:54'),
(3, 'dkmads', 'dkmadsintern1@gmail.com', NULL, '$2y$10$YHjSkuTwVIZjIPhN7KBPy.hc4g6Bz0aZA4L2D.NylQKzJt7luYBgC', NULL, NULL, NULL, NULL, NULL);

--
-- Indexes for dumped tables
--

--
-- Indexes for table `categories`
--
ALTER TABLE `categories`
  ADD PRIMARY KEY (`id`);

--
-- Indexes for table `companies`
--
ALTER TABLE `companies`
  ADD PRIMARY KEY (`id`),
  ADD UNIQUE KEY `companies_email_unique` (`email`);

--
-- Indexes for table `customers`
--
ALTER TABLE `customers`
  ADD PRIMARY KEY (`id`),
  ADD UNIQUE KEY `customers_email_unique` (`email`),
  ADD UNIQUE KEY `customers_phone_unique` (`phone`);

--
-- Indexes for table `employees`
--
ALTER TABLE `employees`
  ADD PRIMARY KEY (`id`),
  ADD UNIQUE KEY `employees_email_unique` (`email`),
  ADD UNIQUE KEY `employees_phone_unique` (`phone`),
  ADD KEY `employees_company_id_foreign` (`company_id`);

--
-- Indexes for table `failed_jobs`
--
ALTER TABLE `failed_jobs`
  ADD PRIMARY KEY (`id`),
  ADD UNIQUE KEY `failed_jobs_uuid_unique` (`uuid`);

--
-- Indexes for table `features`
--
ALTER TABLE `features`
  ADD PRIMARY KEY (`id`);

--
-- Indexes for table `migrations`
--
ALTER TABLE `migrations`
  ADD PRIMARY KEY (`id`);

--
-- Indexes for table `password_resets`
--
ALTER TABLE `password_resets`
  ADD KEY `password_resets_email_index` (`email`);

--
-- Indexes for table `personal_access_tokens`
--
ALTER TABLE `personal_access_tokens`
  ADD PRIMARY KEY (`id`),
  ADD UNIQUE KEY `personal_access_tokens_token_unique` (`token`),
  ADD KEY `personal_access_tokens_tokenable_type_tokenable_id_index` (`tokenable_type`,`tokenable_id`);

--
-- Indexes for table `posts`
--
ALTER TABLE `posts`
  ADD PRIMARY KEY (`id`),
  ADD KEY `posts_category_id_foreign` (`category_id`);

--
-- Indexes for table `states`
--
ALTER TABLE `states`
  ADD PRIMARY KEY (`id`);

--
-- Indexes for table `users`
--
ALTER TABLE `users`
  ADD PRIMARY KEY (`id`),
  ADD UNIQUE KEY `users_email_unique` (`email`);

--
-- AUTO_INCREMENT for dumped tables
--

--
-- AUTO_INCREMENT for table `categories`
--
ALTER TABLE `categories`
  MODIFY `id` bigint(20) UNSIGNED NOT NULL AUTO_INCREMENT, AUTO_INCREMENT=6;

--
-- AUTO_INCREMENT for table `companies`
--
ALTER TABLE `companies`
  MODIFY `id` bigint(20) UNSIGNED NOT NULL AUTO_INCREMENT, AUTO_INCREMENT=40;

--
-- AUTO_INCREMENT for table `customers`
--
ALTER TABLE `customers`
  MODIFY `id` bigint(20) UNSIGNED NOT NULL AUTO_INCREMENT, AUTO_INCREMENT=12;

--
-- AUTO_INCREMENT for table `employees`
--
ALTER TABLE `employees`
  MODIFY `id` bigint(20) UNSIGNED NOT NULL AUTO_INCREMENT, AUTO_INCREMENT=9;

--
-- AUTO_INCREMENT for table `failed_jobs`
--
ALTER TABLE `failed_jobs`
  MODIFY `id` bigint(20) UNSIGNED NOT NULL AUTO_INCREMENT;

--
-- AUTO_INCREMENT for table `features`
--
ALTER TABLE `features`
  MODIFY `id` bigint(20) UNSIGNED NOT NULL AUTO_INCREMENT, AUTO_INCREMENT=9;

--
-- AUTO_INCREMENT for table `migrations`
--
ALTER TABLE `migrations`
  MODIFY `id` int(10) UNSIGNED NOT NULL AUTO_INCREMENT, AUTO_INCREMENT=16;

--
-- AUTO_INCREMENT for table `personal_access_tokens`
--
ALTER TABLE `personal_access_tokens`
  MODIFY `id` bigint(20) UNSIGNED NOT NULL AUTO_INCREMENT;

--
-- AUTO_INCREMENT for table `posts`
--
ALTER TABLE `posts`
  MODIFY `id` bigint(20) UNSIGNED NOT NULL AUTO_INCREMENT, AUTO_INCREMENT=301;

--
-- AUTO_INCREMENT for table `states`
--
ALTER TABLE `states`
  MODIFY `id` bigint(20) UNSIGNED NOT NULL AUTO_INCREMENT;

--
-- AUTO_INCREMENT for table `users`
--
ALTER TABLE `users`
  MODIFY `id` bigint(20) UNSIGNED NOT NULL AUTO_INCREMENT, AUTO_INCREMENT=6;

--
-- Constraints for dumped tables
--

--
-- Constraints for table `employees`
--
ALTER TABLE `employees`
  ADD CONSTRAINT `employees_company_id_foreign` FOREIGN KEY (`company_id`) REFERENCES `companies` (`id`) ON DELETE CASCADE;

--
-- Constraints for table `posts`
--
ALTER TABLE `posts`
  ADD CONSTRAINT `posts_category_id_foreign` FOREIGN KEY (`category_id`) REFERENCES `categories` (`id`) ON DELETE CASCADE;
COMMIT;

/*!40101 SET CHARACTER_SET_CLIENT=@OLD_CHARACTER_SET_CLIENT */;
/*!40101 SET CHARACTER_SET_RESULTS=@OLD_CHARACTER_SET_RESULTS */;
/*!40101 SET COLLATION_CONNECTION=@OLD_COLLATION_CONNECTION */;
